,album,track_number,id,name,uri,acousticness,danceability,energy,instrumentalness,liveness,loudness,speechiness,tempo,valence,popularity
7,Deiva Sthuthi,1,0ZKjz7i7mn2Lz5hCeXaNre,Suklambaratharam,spotify:track:0ZKjz7i7mn2Lz5hCeXaNre,0.966,0.516,0.242,0.000548,0.133,-11.843,0.0514,72.938,0.413,9
8,Deiva Sthuthi,2,1vJQLnuS2xPSmjPRGch8iY,Vathapi Ganapathim,spotify:track:1vJQLnuS2xPSmjPRGch8iY,0.874,0.681,0.742,0.000481,0.12,-10.326,0.0722,109.249,0.873,13
9,Deiva Sthuthi,3,6gnnMuy1AhNrNBks01Gn7B,Yathra Yathra (Sloka),spotify:track:6gnnMuy1AhNrNBks01Gn7B,0.993,0.446,0.0396,0.796,0.367,-17.359,0.0361,71.623,0.379,0
10,Deiva Sthuthi,4,7x6GzD4y2jsbyN7nG30U6y,Idigo Bhadradri,spotify:track:7x6GzD4y2jsbyN7nG30U6y,0.954,0.656,0.522,0.000262,0.228,-7.404,0.0302,104.014,0.804,0
11,Deiva Sthuthi,5,0hOmUf7XKjre8HFZQ8pYX9,Diname Sudinamu,spotify:track:0hOmUf7XKjre8HFZQ8pYX9,0.897,0.613,0.508,0.0101,0.273,-8.102,0.0336,92.73,0.79,0
12,Deiva Sthuthi,6,7kw3dkLWiIsFwRI3qo9puR,Yemayya Rama,spotify:track:7kw3dkLWiIsFwRI3qo9puR,0.929,0.462,0.472,0.00227,0.0738,-8.638,0.0493,171.246,0.692,0
13,Deiva Sthuthi,7,0r2ikT90um6n6mWU6ydbxp,Dasaradharama,spotify:track:0r2ikT90um6n6mWU6ydbxp,0.929,0.656,0.504,0.000602,0.334,-8.216,0.0422,98.237,0.754,0
14,Deiva Sthuthi,8,6GSdLgVl9ZxXcAtnZJBBK3,Rama Dayachudave,spotify:track:6GSdLgVl9ZxXcAtnZJBBK3,0.951,0.597,0.444,7.65E-05,0.185,-8.009,0.0366,94.024,0.709,0
15,Bahudoorapu Batasari - Ghantasala,1,3AHwdexrgtGo564lvEPURT,Nenoka Poola Mokka Pushpaanjali,spotify:track:3AHwdexrgtGo564lvEPURT,0.991,0.421,0.272,0.0105,0.0973,-7.282,0.0378,59.876,0.272,5
16,Bahudoorapu Batasari - Ghantasala,2,5x0Ld5x84l7gjAU9ZpHWSL,Antholo Oka Gulabi Pushpavilaapam,spotify:track:5x0Ld5x84l7gjAU9ZpHWSL,0.991,0.385,0.292,9.91E-05,0.0866,-8.165,0.0374,83.202,0.557,4
17,Bahudoorapu Batasari - Ghantasala,3,4k9likGoUtwjwpBT6oRnqm,Gaalilo Naa Brathuku,spotify:track:4k9likGoUtwjwpBT6oRnqm,0.992,0.324,0.407,0.00136,0.403,-8.884,0.0416,85.586,0.487,4
18,Bahudoorapu Batasari - Ghantasala,4,1WUugPuexsgMKgz4eOtSS4,Nagumomunaku,spotify:track:1WUugPuexsgMKgz4eOtSS4,0.985,0.503,0.305,4.16E-05,0.243,-9.86,0.14,98.992,0.654,3
19,Bahudoorapu Batasari - Ghantasala,5,6LyNv59YshOZHpAZwnu9of,Yedaarilo,spotify:track:6LyNv59YshOZHpAZwnu9of,0.987,0.408,0.474,1.56E-05,0.784,-7.611,0.0311,92.788,0.426,3
20,Bahudoorapu Batasari - Ghantasala,6,19HKaI1DagoHaXi8VkhnuE,Regina Mungurul Prabhaathi,spotify:track:19HKaI1DagoHaXi8VkhnuE,0.984,0.379,0.384,0.000206,0.452,-6.599,0.034,145.902,0.369,3
21,Bahudoorapu Batasari - Ghantasala,7,47NwGcIpEfY5kkRJpQE7eK,Adhi Sandhya Samayam Saandhyasri,spotify:track:47NwGcIpEfY5kkRJpQE7eK,0.963,0.429,0.394,0,0.072,-5.109,0.0418,75.11,0.366,2
22,Bahudoorapu Batasari - Ghantasala,8,3rlUY0bTnq3rwRgAAmiFwe,Repulo Maapulo Aasajeevi,spotify:track:3rlUY0bTnq3rwRgAAmiFwe,0.981,0.419,0.554,0.000114,0.0891,-5.779,0.115,80.474,0.572,2
23,Bahudoorapu Batasari - Ghantasala,9,3fQBHK3KdOqQuSppjEmqyA,Raadhanura Karunaamayi,spotify:track:3fQBHK3KdOqQuSppjEmqyA,0.993,0.426,0.324,0,0.234,-8.008,0.0332,99.984,0.422,2
24,Bahudoorapu Batasari - Ghantasala,10,5tryepNqKqcpwRlev7SCQ3,Naayana Puttinti Papaayi,spotify:track:5tryepNqKqcpwRlev7SCQ3,0.989,0.349,0.322,0.000109,0.0924,-7.337,0.0353,69.76,0.441,2
25,Bahudoorapu Batasari - Ghantasala,11,1Icv7vp6PXuxV74U1Nm2Wv,Thoorupu Disayandhu Goghosha,spotify:track:1Icv7vp6PXuxV74U1Nm2Wv,0.985,0.316,0.299,1.57E-05,0.416,-7.951,0.0322,87.23,0.284,1
26,Bahudoorapu Batasari - Ghantasala,12,1BbbTIt2rT1p3Z77juBD1S,Yewaridhi Kalla Chappudu Anjali,spotify:track:1BbbTIt2rT1p3Z77juBD1S,0.99,0.399,0.378,0.000867,0.219,-8.308,0.0406,66.595,0.373,1
27,Bahudoorapu Batasari - Ghantasala,13,6scyhIlLcXxmbuT83y8xS0,Lailaa,spotify:track:6scyhIlLcXxmbuT83y8xS0,0.985,0.232,0.404,0.00651,0.199,-9.761,0.0392,73.519,0.363,1
28,Bahudoorapu Batasari - Ghantasala,14,1jwKAmZUp38Rht8ESRyt5E,Choochedhavelano Adhvaitha Murthy,spotify:track:1jwKAmZUp38Rht8ESRyt5E,0.956,0.364,0.423,5.93E-06,0.425,-5.745,0.0871,59.593,0.447,1
29,Bahudoorapu Batasari - Ghantasala,15,5S0H10ClTrN8zNH8AFEnFv,Tenugu Bharathi,spotify:track:5S0H10ClTrN8zNH8AFEnFv,0.988,0.41,0.385,0.000837,0.288,-5.65,0.0415,139.322,0.543,1
30,Bahudoorapu Batasari - Ghantasala,16,5JwfZ5JNWvrbswrQ7ptY5r,Raavoi Bangaaru Mama,spotify:track:5JwfZ5JNWvrbswrQ7ptY5r,0.988,0.433,0.398,0.0284,0.117,-7.903,0.0387,152.384,0.772,1
31,Bahudoorapu Batasari - Ghantasala,17,3MJxhVWGNNctwW9cH8HO6D,Chintha Chiguru Chinnadhaana,spotify:track:3MJxhVWGNNctwW9cH8HO6D,0.889,0.485,0.708,0,0.0829,-6.514,0.124,163.958,0.897,1
32,Bahudoorapu Batasari - Ghantasala,18,10fSPa5lQHlvLYeERMiN22,Ninu Nenu Maravalenura,spotify:track:10fSPa5lQHlvLYeERMiN22,0.979,0.683,0.54,0.0161,0.107,-6.742,0.0554,75.509,0.908,1
33,Bahudoorapu Batasari - Ghantasala,19,1F7UFGptF5U3vZgS68irxu,Thenalolikinchu,spotify:track:1F7UFGptF5U3vZgS68irxu,0.971,0.421,0.344,1.50E-05,0.297,-5.75,0.0302,76.662,0.407,1
34,Bahudoorapu Batasari - Ghantasala,20,5DTNck6OkVLYZo0gALtbvr,Komala Komaneemanulu Nagarjuna Konda,spotify:track:5DTNck6OkVLYZo0gALtbvr,0.989,0.431,0.423,4.46E-06,0.369,-7.061,0.0357,134.494,0.479,1
35,Bahudoorapu Batasari - Ghantasala,21,7Kx0PJBZEuJuVxVdwWL2lJ,Thalaninda Poodanda,spotify:track:7Kx0PJBZEuJuVxVdwWL2lJ,0.993,0.505,0.493,0.473,0.137,-7.185,0.0315,93.411,0.727,1
36,Bahudoorapu Batasari - Ghantasala,22,4EX47byslz1Awj1zTUWkgQ,Adhiyoka Ramaneeya Kunthi Kumari,spotify:track:4EX47byslz1Awj1zTUWkgQ,0.983,0.373,0.257,0.00036,0.16,-7.186,0.0384,78.296,0.325,1
37,Bahudoorapu Batasari - Ghantasala,23,4jwn7vv1iuodg5JJzOkbEJ,Jeevithamantha,spotify:track:4jwn7vv1iuodg5JJzOkbEJ,0.978,0.35,0.57,0.517,0.52,-7.416,0.0425,98.907,0.487,1
38,Bahudoorapu Batasari - Ghantasala,24,6o1i1RE6IGaLgXRKgchQQ4,Paadana Prabhu Paadanaa,spotify:track:6o1i1RE6IGaLgXRKgchQQ4,0.976,0.528,0.65,0.869,0.472,-5.959,0.0373,138.914,0.903,1
67,Paadana Prabhu Paadana - Vol 2,1,76A85pWajlLsDHgKPb1WaJ,Sri Raghavendra Suprabhatham,spotify:track:76A85pWajlLsDHgKPb1WaJ,0.994,0.716,0.245,0.000289,0.095,-15.194,0.708,105.779,0.881,1
68,Paadana Prabhu Paadana - Vol 2,2,6VHx8UeaacaSE1yNEEQeRs,Poojalanda Vayya,spotify:track:6VHx8UeaacaSE1yNEEQeRs,0.962,0.394,0.479,0.00402,0.497,-14.075,0.0604,84.734,0.961,0
69,Paadana Prabhu Paadana - Vol 2,3,3x8SfMhGaITIbFW99cBany,Nannelavaa Sathya Sayibaba,spotify:track:3x8SfMhGaITIbFW99cBany,0.992,0.473,0.271,0.000359,0.683,-14.512,0.122,100.528,0.532,1
70,Paadana Prabhu Paadana - Vol 2,4,1wT1rJLPe6wL1RpO87ZYoH,Entha Haayi Entha Haayi,spotify:track:1wT1rJLPe6wL1RpO87ZYoH,0.989,0.489,0.291,0,0.176,-14.008,0.104,145.418,0.735,0
71,Paadana Prabhu Paadana - Vol 2,5,3DD9ztcnQPJ3maV8oHxwLm,Naa Sayi Nanu Chera,spotify:track:3DD9ztcnQPJ3maV8oHxwLm,0.986,0.401,0.243,0,0.583,-13.304,0.0427,103.582,0.565,0
72,Paadana Prabhu Paadana - Vol 2,6,0Ha94hlKfgQ2QdrxIF5Bum,Namo Sathya Sayi Baba,spotify:track:0Ha94hlKfgQ2QdrxIF5Bum,0.994,0.353,0.222,9.90E-05,0.0994,-13.412,0.108,55.523,0.399,0
73,Paadana Prabhu Paadana - Vol 2,7,6R6baCjQQsdwmw8dyF45fZ,Vinaayaka Chathurthi Katha,spotify:track:6R6baCjQQsdwmw8dyF45fZ,0.984,0.357,0.421,0.011,0.0715,-13.38,0.0456,82.584,0.635,1
74,"Paadana Prabhu Paadana, Vol. 1",1,0kYwSsAAKtS0Ho9rIA5Q5N,Namo Venkatesaa,spotify:track:0kYwSsAAKtS0Ho9rIA5Q5N,0.973,0.563,0.265,0.287,0.11,-16.643,0.0441,124.219,0.749,20
75,"Paadana Prabhu Paadana, Vol. 1",2,1fl2DryguLJxGGgm0NF7ei,Yedu Kondalasami,spotify:track:1fl2DryguLJxGGgm0NF7ei,0.944,0.516,0.391,3.08E-06,0.366,-10.899,0.0353,79.327,0.746,7
76,"Paadana Prabhu Paadana, Vol. 1",3,3MvmTzwSWwWpDlC4l9fL2U,Seshadri Sikharaana,spotify:track:3MvmTzwSWwWpDlC4l9fL2U,0.959,0.445,0.395,1.21E-05,0.0857,-13.304,0.0475,132.501,0.659,6
77,"Paadana Prabhu Paadana, Vol. 1",4,59oFkDcEkdwE4NmfbxRYqK,Jaya Jaya Sree Venkatesa,spotify:track:59oFkDcEkdwE4NmfbxRYqK,0.945,0.571,0.509,5.00E-06,0.347,-8.662,0.11,143.325,0.827,6
78,"Paadana Prabhu Paadana, Vol. 1",5,5FVyYepcWuJP4YdLLH4fQq,Sri Sailavasaa Thiru Venkataadheesa,spotify:track:5FVyYepcWuJP4YdLLH4fQq,0.952,0.401,0.451,1.45E-05,0.0732,-10.035,0.0385,134.276,0.759,6
79,"Paadana Prabhu Paadana, Vol. 1",6,6pSCrZDT3q8QN38qC6Q7c0,Kalaya panamu Chesi,spotify:track:6pSCrZDT3q8QN38qC6Q7c0,0.98,0.456,0.478,0.18,0.524,-10.309,0.0448,140.294,0.904,1
80,"Paadana Prabhu Paadana, Vol. 1",7,08DXyx6i0eVc5nTmK2bcGZ,Yedu Kondalasrinivaasa,spotify:track:08DXyx6i0eVc5nTmK2bcGZ,0.826,0.404,0.516,0,0.291,-10.384,0.0406,126.806,0.728,1
81,"Paadana Prabhu Paadana, Vol. 1",8,3DiouqOfGYpkDBhJKnKIVV,Koti Divya Prabhalathi,spotify:track:3DiouqOfGYpkDBhJKnKIVV,0.96,0.36,0.568,0.0589,0.374,-12.098,0.0463,96.011,0.611,0
82,"Paadana Prabhu Paadana, Vol. 1",9,2u9BnF5U536GX6LElTNEGg,Sree Rama Rama Rama,spotify:track:2u9BnF5U536GX6LElTNEGg,0.98,0.336,0.325,5.88E-05,0.198,-10.719,0.059,73.223,0.389,1
83,"Paadana Prabhu Paadana, Vol. 1",10,2YoloANX1V0Uo2pIrhQTiw,Sri Rama Ramethi,spotify:track:2YoloANX1V0Uo2pIrhQTiw,0.973,0.372,0.494,1.18E-05,0.117,-5.482,0.0358,94.785,0.547,4
84,Desha Bhakti Geethalu,1,0DI5soJtDgtcxC9FMwjDBB,Jayam Manadhi,spotify:track:0DI5soJtDgtcxC9FMwjDBB,0.974,0.501,0.598,0.0732,0.615,-12.283,0.219,165.469,0.872,0
85,Desha Bhakti Geethalu,2,31shY3AqPUEuDv4K1rIIXr,Tenelanolikinchu,spotify:track:31shY3AqPUEuDv4K1rIIXr,0.993,0.521,0.23,0.0304,0.139,-11.291,0.0346,61.639,0.499,0
86,Desha Bhakti Geethalu,3,2btnR1cyaoDO4LuF3hX6sz,Bharathiyula,spotify:track:2btnR1cyaoDO4LuF3hX6sz,0.983,0.459,0.197,0.0687,0.134,-12.459,0.0422,69.382,0.498,0
87,Desha Bhakti Geethalu,4,3QroqkVlbGTeLQ4EDhSSad,Andhra Jyothi,spotify:track:3QroqkVlbGTeLQ4EDhSSad,0.99,0.546,0.368,0.118,0.15,-11.365,0.0534,141.065,0.749,0
88,Desha Bhakti Geethalu,5,2RNq7VLZZSCsg6aTx9bFNH,Aa Mogal Ranadheeru,spotify:track:2RNq7VLZZSCsg6aTx9bFNH,0.991,0.341,0.29,0.00383,0.252,-12.417,0.13,73.322,0.335,0
89,Desha Bhakti Geethalu,6,0XQPUmgnBvdAArfTmp0u0b,Leva Yika Leneleva Maa,spotify:track:0XQPUmgnBvdAArfTmp0u0b,0.993,0.428,0.252,0.0087,0.142,-13.369,0.0426,120.646,0.657,0
90,Desha Bhakti Geethalu,7,2DpBx9ChEbT99Ow4mCHYLE,Lelendoyi Parandoyi,spotify:track:2DpBx9ChEbT99Ow4mCHYLE,0.974,0.458,0.447,0.000788,0.137,-12.956,0.14,175.802,0.886,0
91,Desha Bhakti Geethalu,8,7iWcqOy5TDGJIdtB51nCUM,Joharu Joharu Pandita Jawaru,spotify:track:7iWcqOy5TDGJIdtB51nCUM,0.981,0.474,0.335,0.00369,0.0598,-13.404,0.044,136.643,0.71,0
92,Desha Bhakti Geethalu,9,37HoAIlPIxFLP2nQtwbk7j,Lemmura Lemmura,spotify:track:37HoAIlPIxFLP2nQtwbk7j,0.994,0.523,0.436,0.093,0.222,-12.312,0.0857,172.528,0.82,0
93,Desha Bhakti Geethalu,10,02uQ12Cz3uRgPsB1UacVEq,Amma Sarojinidevi,spotify:track:02uQ12Cz3uRgPsB1UacVEq,0.991,0.553,0.212,0.732,0.258,-13.211,0.0527,137.181,0.808,0
94,Desha Bhakti Geethalu,11,0udNGyww02OboGucFl1ue6,O Noothana Andhradesa,spotify:track:0udNGyww02OboGucFl1ue6,0.995,0.405,0.203,0.851,0.0939,-14.935,0.0449,84.607,0.651,0
95,Desha Bhakti Geethalu,12,5jIV4kK3kunQE7t8iJjxFt,Swathanthrayamu,spotify:track:5jIV4kK3kunQE7t8iJjxFt,0.993,0.597,0.34,0.891,0.459,-12.848,0.0722,137.815,0.837,0
108,Vaazhkkai Oppandam (Original Motion Picture Soundtrack),1,1kWoj97QlMIZkRZG4B7fyE,Idhaya Vaanil Udayamaana,spotify:track:1kWoj97QlMIZkRZG4B7fyE,0.958,0.411,0.468,0.0284,0.284,-6.646,0.0276,92.581,0.615,2
109,Vaazhkkai Oppandam (Original Motion Picture Soundtrack),2,15ctVAKhBoctnLJP1HycbM,Brindavana Vennilave,spotify:track:15ctVAKhBoctnLJP1HycbM,0.984,0.453,0.261,0.806,0.101,-15.216,0.0826,139.865,0.961,0
110,Vaazhkkai Oppandam (Original Motion Picture Soundtrack),3,5dHJg9YqDaLQ1bVRqCB2ZP,Kanivudan Paaraayo,spotify:track:5dHJg9YqDaLQ1bVRqCB2ZP,0.993,0.509,0.356,0.182,0.119,-15.383,0.0576,147.734,0.882,0
111,Vaazhkkai Oppandam (Original Motion Picture Soundtrack),4,3YqCr6dTlek7Ejg6rXI4pM,Ennaiye Marande,spotify:track:3YqCr6dTlek7Ejg6rXI4pM,0.964,0.58,0.394,0.602,0.144,-14.591,0.095,111.312,0.865,0
112,Vaazhkkai Oppandam (Original Motion Picture Soundtrack),5,0A7PYTs53BNqIrP9nRzTTe,Vaaraai Aaruyir Radha,spotify:track:0A7PYTs53BNqIrP9nRzTTe,0.949,0.529,0.533,0.378,0.628,-13.125,0.0703,129.93,0.905,0
113,Vaazhkkai Oppandam (Original Motion Picture Soundtrack),6,51ED7dET4HKfIAjqU9Ijge,Aaraaro Aaraaro,spotify:track:51ED7dET4HKfIAjqU9Ijge,0.972,0.426,0.409,0.619,0.284,-12.536,0.0935,141.702,0.887,0
114,Vaazhkkai Oppandam (Original Motion Picture Soundtrack),7,3dcMK64j6TMrUbDBkEB8nc,Jayame Nee Arul,spotify:track:3dcMK64j6TMrUbDBkEB8nc,0.994,0.615,0.277,0.394,0.225,-13.285,0.0351,100.658,0.841,0
115,Vaazhkkai Oppandam (Original Motion Picture Soundtrack),8,3DUTZOl9oB1Y9EhBfFMiHQ,Kochimalai Kudagumalai,spotify:track:3DUTZOl9oB1Y9EhBfFMiHQ,0.99,0.524,0.292,0.592,0.354,-14.578,0.452,80.524,0.724,0
116,Vaazhkkai Oppandam (Original Motion Picture Soundtrack),9,42RYne0rPhmChuo5dnWZAX,Ponaa Varaadhu,spotify:track:42RYne0rPhmChuo5dnWZAX,0.973,0.77,0.455,0.728,0.475,-12.744,0.34,122.796,0.963,0
117,Vaazhkkai Oppandam (Original Motion Picture Soundtrack),10,4NyGOYE4BXw2ZeEsm7r4Zg,Needhaane Lokamum,spotify:track:4NyGOYE4BXw2ZeEsm7r4Zg,0.987,0.416,0.239,0.679,0.227,-14.814,0.0607,68.995,0.671,0
118,Manithan Maravillai (Original Motion Picture Soundtrack),1,34n4akRnkMGMxAVb9fVXya,Kaathal Yaathiraikku,spotify:track:34n4akRnkMGMxAVb9fVXya,0.857,0.53,0.462,5.36E-05,0.267,-6.132,0.0577,146.69,0.858,0
119,Manithan Maravillai (Original Motion Picture Soundtrack),2,0v71FHuCuSCn923PtEUTCZ,Thendral Paadavum,spotify:track:0v71FHuCuSCn923PtEUTCZ,0.992,0.481,0.0977,0.347,0.251,-15.902,0.0434,133.026,0.541,0
120,Manithan Maravillai (Original Motion Picture Soundtrack),3,4Tuy5m0EnnNj0I3q1jVyM8,Kanmaniye,spotify:track:4Tuy5m0EnnNj0I3q1jVyM8,0.989,0.423,0.384,0.475,0.357,-15.864,0.049,151.101,0.734,0
121,Manithan Maravillai (Original Motion Picture Soundtrack),4,226UldpYn0wRpR1iNiC4Zk,Inbamaana Iraviduve,spotify:track:226UldpYn0wRpR1iNiC4Zk,0.984,0.521,0.242,0.00894,0.112,-15.031,0.039,121.744,0.362,0
122,Manithan Maravillai (Original Motion Picture Soundtrack),5,4mJ1oLseVvCGwGHVas9TWK,Podu Podu,spotify:track:4mJ1oLseVvCGwGHVas9TWK,0.975,0.477,0.366,0.0796,0.753,-15.314,0.134,121.954,0.842,0
123,Manithan Maravillai (Original Motion Picture Soundtrack),6,4X2BbX32KvlmQP95jp6gOL,Sarvam Sakthimayam,spotify:track:4X2BbX32KvlmQP95jp6gOL,0.963,0.448,0.495,0.0165,0.245,-13.875,0.0677,167.851,0.962,0
124,Manithan Maravillai (Original Motion Picture Soundtrack),7,43ZfuMMKLa9Lks5YnUYqYt,Manidhan Maaravillai,spotify:track:43ZfuMMKLa9Lks5YnUYqYt,0.969,0.509,0.243,0.0206,0.118,-16.484,0.0582,125.52,0.574,0
125,Manithan Maravillai (Original Motion Picture Soundtrack),8,50nb035dVL7tFjPcCUJbQD,Kurumbinilum,spotify:track:50nb035dVL7tFjPcCUJbQD,0.986,0.355,0.212,0.771,0.652,-17.053,0.0394,95.661,0.775,0
126,Manithan Maravillai (Original Motion Picture Soundtrack),9,78O0u8LQjpcFac5FPUS4cQ,Naagareegamaana Hat,spotify:track:78O0u8LQjpcFac5FPUS4cQ,0.981,0.568,0.561,7.60E-06,0.585,-9.584,0.0901,114.282,0.866,0
127,Vijayam Manadey (Original Motion Picture Soundtrack),1,3ov0iLxMGo1vhhybre6oVo,Oho Ho Rythannaa,spotify:track:3ov0iLxMGo1vhhybre6oVo,0.904,0.395,0.657,0.0992,0.279,-13.63,0.0762,94.198,0.641,0
128,Vijayam Manadey (Original Motion Picture Soundtrack),2,0oqjZg3MTGuYrz3z7elM4X,Naa Madhilo Vundhoka,spotify:track:0oqjZg3MTGuYrz3z7elM4X,0.963,0.53,0.369,0.0715,0.27,-13.239,0.0632,126.302,0.666,4
129,Vijayam Manadey (Original Motion Picture Soundtrack),3,0ly1ioWthsmeVpCv0SrWjt,Sannajaaji Poolupetti,spotify:track:0ly1ioWthsmeVpCv0SrWjt,0.955,0.579,0.498,0.289,0.234,-12.719,0.108,82.683,0.716,0
130,Vijayam Manadey (Original Motion Picture Soundtrack),4,2a7CJCpcVJuSQTX8XPEvTj,Oh Devi Yemi Kannulu Neevi,spotify:track:2a7CJCpcVJuSQTX8XPEvTj,0.911,0.461,0.541,0.0235,0.328,-11.764,0.0702,142.739,0.653,0
131,Vijayam Manadey (Original Motion Picture Soundtrack),5,3t8qIGLxOSNc6GhLK5543G,Yelukora Veeraadhi Veera,spotify:track:3t8qIGLxOSNc6GhLK5543G,0.531,0.463,0.562,0.00594,0.113,-10.332,0.13,100.628,0.649,0
132,Vijayam Manadey (Original Motion Picture Soundtrack),6,1kJRfDBfh9k3VB6aHJEBuk,Konchem Konchem Bidiyalu,spotify:track:1kJRfDBfh9k3VB6aHJEBuk,0.942,0.569,0.491,0,0.288,-8.745,0.168,145.441,0.742,0
133,Vijayam Manadey (Original Motion Picture Soundtrack),7,2ec5Lpefus2LbIfRHEcdU3,Garadi Garadi,spotify:track:2ec5Lpefus2LbIfRHEcdU3,0.773,0.611,0.894,0.00745,0.162,-5.183,0.451,117.614,0.831,0
134,Govula Gopanna (Original Motion Picture Soundtrack),1,0HhE1RsTgsHoCC61kWWpZ1,Vinara Vinara,spotify:track:0HhE1RsTgsHoCC61kWWpZ1,0.836,0.248,0.757,0.0208,0.386,-5.754,0.053,151.528,0.659,0
135,Govula Gopanna (Original Motion Picture Soundtrack),2,3CYO1ck7kYG29HeYjrCIY4,Hadapettakoi Bava,spotify:track:3CYO1ck7kYG29HeYjrCIY4,0.935,0.255,0.604,0.000595,0.146,-7.412,0.0783,89.14,0.587,0
136,Govula Gopanna (Original Motion Picture Soundtrack),3,7lL203txJmnuwvdTmLHiUS,Dum Dum Dry Cleaning,spotify:track:7lL203txJmnuwvdTmLHiUS,0.954,0.689,0.83,0.000552,0.237,-2.387,0.0889,81.868,0.962,0
137,Govula Gopanna (Original Motion Picture Soundtrack),4,1W0HFZjZGBP1srCr7ebFgg,Kannela Valapula,spotify:track:1W0HFZjZGBP1srCr7ebFgg,0.829,0.262,0.265,0.00143,0.339,-22.008,0.0468,111.705,0.79,0
138,Govula Gopanna (Original Motion Picture Soundtrack),5,7bMt75ZUAfpqCwRNqXEsUD,Hello Master Govula Gopanna,spotify:track:7bMt75ZUAfpqCwRNqXEsUD,0.92,0.425,0.33,0.0068,0.169,-20.763,0.0649,107.164,0.91,0
139,Govula Gopanna (Original Motion Picture Soundtrack),6,4dKwqN40eYAQXk7ojNRvsh,Aakasamlo Hansalamai,spotify:track:4dKwqN40eYAQXk7ojNRvsh,0.798,0.282,0.74,0.183,0.221,-5.318,0.0827,63.134,0.721,0
140,Govula Gopanna (Original Motion Picture Soundtrack),7,7ADEQDgSnWjGY1t4o7jsGZ,Eeviri Thotalalo,spotify:track:7ADEQDgSnWjGY1t4o7jsGZ,0.816,0.297,0.265,3.99E-05,0.291,-20.333,0.0423,136.088,0.885,0
141,Govula Gopanna (Original Motion Picture Soundtrack),8,5b5ljrAAWdMC7F3gGRy4Ky,Vinara Vinara - Duet,spotify:track:5b5ljrAAWdMC7F3gGRy4Ky,0.808,0.473,0.286,3.58E-05,0.409,-20.675,0.04,146.065,0.962,0
142,Rahasyam (Original Motion Picture Soundtrack),1,1aR9XiZjkyYHkgfTnBe6ox,Thirumala Girivaasa,spotify:track:1aR9XiZjkyYHkgfTnBe6ox,0.921,0.278,0.571,0.00241,0.165,-11.065,0.0583,65.913,0.783,0
143,Rahasyam (Original Motion Picture Soundtrack),2,3ca0OOQT4zMfi81djA04bv,Chaaradesi Kanulatho,spotify:track:3ca0OOQT4zMfi81djA04bv,0.854,0.389,0.459,0.000115,0.0342,-11.168,0.0596,147.707,0.925,0
144,Rahasyam (Original Motion Picture Soundtrack),3,2orVEpnFfcQcezR1xxHVDv,Sri Lalitha Sivajyothi,spotify:track:2orVEpnFfcQcezR1xxHVDv,0.886,0.494,0.369,0.0855,0.169,-14.023,0.0704,118.269,0.747,0
145,Rahasyam (Original Motion Picture Soundtrack),4,5sJTbfxVJ5TmuQDt6Vt40q,Idhiye Devarahasyam,spotify:track:5sJTbfxVJ5TmuQDt6Vt40q,0.931,0.487,0.459,0.606,0.29,-13.024,0.0711,120.575,0.786,0
146,Rahasyam (Original Motion Picture Soundtrack),5,4brblKhODkDpWcyhCpaBWK,Magaraaya Valaraaya,spotify:track:4brblKhODkDpWcyhCpaBWK,0.935,0.365,0.421,0.279,0.613,-15.377,0.0812,99.487,0.757,0
147,Rahasyam (Original Motion Picture Soundtrack),6,1m4ZUiWdMJLV62RVlZhtG9,Unnadile,spotify:track:1m4ZUiWdMJLV62RVlZhtG9,0.971,0.347,0.36,0.615,0.114,-14.977,0.0516,139.558,0.716,0
148,Rahasyam (Original Motion Picture Soundtrack),7,7h1jR0DBjGKaFXcpxMkdnx,Saadhinchanauna Jagaana,spotify:track:7h1jR0DBjGKaFXcpxMkdnx,0.59,0.399,0.526,0.0222,0.116,-10.815,0.129,97.864,0.75,0
149,Rahasyam (Original Motion Picture Soundtrack),8,2Jbt9CUTavkejQKyTl564r,Lalitha Bhaava Nilaya,spotify:track:2Jbt9CUTavkejQKyTl564r,0.915,0.405,0.481,9.52E-06,0.485,-10.136,0.0596,112.235,0.749,0
150,Rahasyam (Original Motion Picture Soundtrack),9,35KhckvFSV4lVx7F3fjK00,Yevo Kanulu,spotify:track:35KhckvFSV4lVx7F3fjK00,0.877,0.469,0.309,0.00732,0.151,-10.875,0.0446,62.892,0.834,0
151,Rahasyam (Original Motion Picture Soundtrack),10,3NB3DZkXu0DUUnzNhcgVX2,Dheeni Bhavamuneeke,spotify:track:3NB3DZkXu0DUUnzNhcgVX2,0.842,0.654,0.284,0,0.0977,-10.343,0.116,77.504,0.916,0
152,Rahasyam (Original Motion Picture Soundtrack),11,0cizmnZDgH6RC15TAtxvWN,Ee Janma Saripodu,spotify:track:0cizmnZDgH6RC15TAtxvWN,0.917,0.624,0.293,1.05E-05,0.574,-11.665,0.608,146.123,0.643,0
153,Rahasyam (Original Motion Picture Soundtrack),12,1pAgQByEsIcsONWUhRDElI,Rahasyam (Padyams),spotify:track:1pAgQByEsIcsONWUhRDElI,0.948,0.518,0.249,0,0.0994,-10.81,0.156,98.754,0.46,0
154,Rahasyam (Original Motion Picture Soundtrack),13,0gpGzJtSTcNOD0hxP4JpD9,Unnadhilo,spotify:track:0gpGzJtSTcNOD0hxP4JpD9,0.213,0.476,0.81,0.00453,0.246,-7.724,0.0864,153.267,0.909,0
155,Nirdoshi (Original Motion Picture Soundtrack),1,7xE6g8ncPtqJ0xbkaK1tVn,Malliyalaara,spotify:track:7xE6g8ncPtqJ0xbkaK1tVn,0.97,0.426,0.361,1.50E-05,0.328,-7.686,0.0327,95.733,0.558,3
156,Nirdoshi (Original Motion Picture Soundtrack),2,1MgVfTTyb05CFEpdPHQkdg,Ee Paata Neekosame,spotify:track:1MgVfTTyb05CFEpdPHQkdg,0.938,0.4,0.34,1.63E-05,0.21,-11.77,0.118,67.21,0.718,1
157,Nirdoshi (Original Motion Picture Soundtrack),3,1ZNlRq2GDfmCPZQ1eVs51Q,Swagatham,spotify:track:1ZNlRq2GDfmCPZQ1eVs51Q,0.967,0.506,0.508,0.862,0.332,-11.393,0.0672,130.217,0.807,0
158,Nirdoshi (Original Motion Picture Soundtrack),4,1DJ7CLeHpYLJaqfk7i9sKx,Singari Chekumuki - Female Vocals,spotify:track:1DJ7CLeHpYLJaqfk7i9sKx,0.962,0.613,0.698,0.00204,0.14,-10.59,0.0702,108.033,0.867,0
159,Nirdoshi (Original Motion Picture Soundtrack),5,4J3SOisKdx2gAJLnCP0mXV,"Chinnari Krishnayya, Pt. 1",spotify:track:4J3SOisKdx2gAJLnCP0mXV,0.957,0.538,0.264,0.0385,0.148,-13.37,0.0608,132.242,0.876,0
160,Nirdoshi (Original Motion Picture Soundtrack),6,3vFSH4ZkkoYjqzwqzoK8CS,Ownanna Kadhanna,spotify:track:3vFSH4ZkkoYjqzwqzoK8CS,0.98,0.535,0.514,2.26E-06,0.214,-11.394,0.0519,60.081,0.962,0
161,Nirdoshi (Original Motion Picture Soundtrack),7,21iEKdEleUazqt8ytTtuwp,Suku Suku,spotify:track:21iEKdEleUazqt8ytTtuwp,0.953,0.528,0.511,9.19E-05,0.337,-12.357,0.0926,77.008,0.683,0
162,Nirdoshi (Original Motion Picture Soundtrack),8,6g8KLSiXowQS255ApxpmxU,"Chinnari Krishnayya, Pt. 2",spotify:track:6g8KLSiXowQS255ApxpmxU,0.978,0.523,0.262,0.829,0.502,-15.29,0.122,102.281,0.868,0
163,Nirdoshi (Original Motion Picture Soundtrack),9,6bpBlEEY5Cz6TjEjukFAn3,Singari Chekumuki - Male Vocals,spotify:track:6bpBlEEY5Cz6TjEjukFAn3,0.986,0.631,0.714,0.000222,0.287,-8.531,0.116,113.974,0.915,0
166,Paramanandayya Sishyula Katha (Original Motion Picture Soundtrack),3,6nh5C6Yn5SJcNxx4ckaQ28,Vande Sambum Umapathim,spotify:track:6nh5C6Yn5SJcNxx4ckaQ28,0.882,0.345,0.293,7.20E-05,0.474,-11.16,0.038,139.977,0.201,0
167,Paramanandayya Sishyula Katha (Original Motion Picture Soundtrack),4,5EwBmj4Aqx2PYPennXjBZz,Paramaanandayya Sishyulu Katha (Padyams),spotify:track:5EwBmj4Aqx2PYPennXjBZz,0.971,0.468,0.22,5.33E-06,0.0788,-11.323,0.0373,82.205,0.424,0
171,Paramanandayya Sishyula Katha (Original Motion Picture Soundtrack),8,0TMW62DvtGNGEa2xskgF4D,Om Namasivaya,spotify:track:0TMW62DvtGNGEa2xskgF4D,0.985,0.389,0.238,0.882,0.116,-21.858,0.089,123.377,0.57,0
175,Paramanandayya Sishyula Katha,2,15ertWPLsSTDgfFOTmZnH3,Vande Sambum Umapathim-Slokam,spotify:track:15ertWPLsSTDgfFOTmZnH3,0.868,0.289,0.376,1.50E-05,0.488,-6.608,0.0317,79.685,0.218,1
177,Paramanandayya Sishyula Katha,4,29HDfKND4cM1ZEWAQoxYQe,Naaloni Raagameeve,spotify:track:29HDfKND4cM1ZEWAQoxYQe,0.954,0.426,0.681,0.00258,0.346,-4.29,0.0373,137.078,0.431,1
178,Paramanandayya Sishyula Katha,5,0HAD4wtNBo6MldoZXZZvoG,Yenaleni Aananda Meereyi,spotify:track:0HAD4wtNBo6MldoZXZZvoG,0.939,0.4,0.444,0.0151,0.294,-10.68,0.0371,143.511,0.681,1
179,Paramanandayya Sishyula Katha,6,1sbe21yEQF3I8JHfxNL25I,Oh Mahadeva,spotify:track:1sbe21yEQF3I8JHfxNL25I,0.97,0.515,0.331,0.0397,0.452,-13.276,0.0527,97.433,0.851,1
180,Paramanandayya Sishyula Katha,7,0J3LUfTFMexqJFm6CoTO8p,Padyams (Paramaanandayya Sishyulu Katha),spotify:track:0J3LUfTFMexqJFm6CoTO8p,0.971,0.415,0.22,5.33E-06,0.0788,-11.323,0.0378,82.291,0.425,1
181,Paramanandayya Sishyula Katha,8,4UwYup8ZLLrCIDwXum7THq,Indhigo Vachhithi,spotify:track:4UwYup8ZLLrCIDwXum7THq,0.977,0.634,0.204,0.275,0.131,-15.57,0.252,66.855,0.811,0
182,Paramanandayya Sishyula Katha,9,6m705cWQkswannlENbQtcv,Kamini Madhana Rara,spotify:track:6m705cWQkswannlENbQtcv,0.858,0.452,0.833,0.231,0.899,-4.424,0.133,102.163,0.731,0
183,Paramanandayya Sishyula Katha,10,4JakJosO5q1dmIZlsFhKub,Parama Garudu Cheppina,spotify:track:4JakJosO5q1dmIZlsFhKub,0.943,0.599,0.839,0.000852,0.584,-3.977,0.325,155.603,0.9,1
184,Paramanandayya Sishyula Katha,11,60e4Nsx63M4WzSHaLHgF3q,Om Namasivaya - Chorus,spotify:track:60e4Nsx63M4WzSHaLHgF3q,0.985,0.376,0.238,0.882,0.116,-21.857,0.0893,123.587,0.565,1
185,Paramanandayya Sishyula Katha,12,3jlia5TaEHuT8TXQo5WHMk,Vanitha Thanantaka,spotify:track:3jlia5TaEHuT8TXQo5WHMk,0.988,0.489,0.343,0.926,0.235,-19.413,0.128,94.284,0.824,0
186,Paramanandayya Sishyula Katha,13,5mnAwsosYhOT6ZNCWbMOzb,Naaloni Ragameeve,spotify:track:5mnAwsosYhOT6ZNCWbMOzb,0.976,0.466,0.342,0.162,0.484,-14.358,0.0454,131.342,0.476,1
187,Vaalmiki,1,1RyALDSjLtVypIUrkheu6o,Sri Ramayana Kavya Katha - Part 4,spotify:track:1RyALDSjLtVypIUrkheu6o,0.775,0.537,0.622,4.88E-06,0.119,-5.702,0.196,111.471,0.597,0
188,Vaalmiki,2,1o8XQTo9SaFOlMe6K5Di5K,Sri Ramayana Kavya Katha - Part 3,spotify:track:1o8XQTo9SaFOlMe6K5Di5K,0.628,0.46,0.839,7.20E-06,0.841,-5.67,0.158,108.938,0.782,0
189,Vaalmiki,3,1wFMcaZONe13VFv694mZUX,Thaalalare,spotify:track:1wFMcaZONe13VFv694mZUX,0.973,0.581,0.479,0.719,0.14,-9.649,0.235,166.952,0.77,0
190,Vaalmiki,4,19CnLD8aA8kgGFQxMUDI9F,Sri Ramayana Kavya Katha - Part 2,spotify:track:19CnLD8aA8kgGFQxMUDI9F,0.825,0.707,0.684,0.00022,0.0729,-5.009,0.126,107.373,0.802,0
191,Vaalmiki,5,7hfVvMwGantB37nxM4lTtT,Sri Ramayana Kavya Katha - Part 1,spotify:track:7hfVvMwGantB37nxM4lTtT,0.848,0.58,0.683,6.67E-05,0.0835,-4.993,0.135,104.747,0.792,0
192,Vaalmiki,6,5qOgP3oSQiUQFa8YhWMRhh,Jhalala Jhalala Jala Dhare,spotify:track:5qOgP3oSQiUQFa8YhWMRhh,0.983,0.429,0.506,0.00195,0.296,-12.712,0.0421,132.929,0.736,1
193,Vaalmiki,7,3eRnqSYYIujAzyNzUvBfUV,Anuraagadale Anandanele,spotify:track:3eRnqSYYIujAzyNzUvBfUV,0.994,0.516,0.342,0.367,0.323,-15.106,0.0849,128.312,0.771,1
194,Vaalmiki,8,1uVSuFjVeYHb20OrKqyxds,Bhagavaan,spotify:track:1uVSuFjVeYHb20OrKqyxds,0.994,0.401,0.496,0.407,0.528,-14.429,0.0842,75.371,0.773,0
195,Satya Harishchandra,1,0ZGtal9KBFMSXUqPaiEUT4,Aade Neevu,spotify:track:0ZGtal9KBFMSXUqPaiEUT4,0.986,0.582,0.366,0.912,0.223,-13.683,0.341,111.347,0.857,1
196,Satya Harishchandra,2,6MbRW9MPMFI9zVP14EH6bI,Vidhivipareetam,spotify:track:6MbRW9MPMFI9zVP14EH6bI,0.93,0.492,0.176,6.17E-05,0.107,-13.42,0.0621,95.733,0.528,1
197,Satya Harishchandra,3,2ZjxqnX5nZhCYAmupcQhFt,Saahovarala Raja,spotify:track:2ZjxqnX5nZhCYAmupcQhFt,0.267,0.546,0.528,0.312,0.186,-12.316,0.107,94.875,0.913,1
198,Satya Harishchandra,4,5fhTf5SDqLsQG903Z3NT2G,Namo Bhootha Naadha,spotify:track:5fhTf5SDqLsQG903Z3NT2G,0.718,0.413,0.394,2.12E-06,0.536,-12.79,0.0568,138.685,0.447,5
199,Satya Harishchandra,5,5wF2VUFvU1PdeQggaive3u,Neevu Maku,spotify:track:5wF2VUFvU1PdeQggaive3u,0.962,0.462,0.474,0.887,0.197,-13.293,0.335,95.955,0.834,1
200,Satya Harishchandra,6,1k948M2Ttq73MBYPhkXz22,Kulamulo Yetuvanti,spotify:track:1k948M2Ttq73MBYPhkXz22,0.993,0.598,0.54,0.883,0.14,-11.899,0.672,162.959,0.779,11
201,Satya Harishchandra,7,3364S7kbV99RmaEtGg5nJl,Eswara Jagadeeswara,spotify:track:3364S7kbV99RmaEtGg5nJl,0.982,0.38,0.398,0.424,0.34,-11.798,0.319,203.97,0.62,1
202,Satya Harishchandra,8,2zJYj7Al4nYY8lWtcPxN25,Vidhi Vipareetham,spotify:track:2zJYj7Al4nYY8lWtcPxN25,0.985,0.339,0.216,0.886,0.116,-17.782,0.074,68.704,0.444,1
203,Satya Harishchandra,9,40Psfau3BB5um8r6qiRw0G,Padyams (Sathya Harishchandra),spotify:track:40Psfau3BB5um8r6qiRw0G,0.859,0.424,0.334,0,0.139,-10.363,0.102,75.01,0.519,2
204,C.I.D,1,2Xasck2oCUvtrx4MgrhwQh,Naasari Neevani,spotify:track:2Xasck2oCUvtrx4MgrhwQh,0.875,0.756,0.387,0.435,0.0393,-9.221,0.242,122.633,0.767,2
205,C.I.D,2,2UrR4hYXFKw9Cjh4AgYHAL,Endukano Ninu Choodagane,spotify:track:2UrR4hYXFKw9Cjh4AgYHAL,0.961,0.505,0.727,0.0106,0.448,-5.782,0.0667,148.178,0.837,2
206,C.I.D,3,0GoCwbPL6haIhIEKfzDybv,Jagamu Cheekatayene,spotify:track:0GoCwbPL6haIhIEKfzDybv,0.894,0.331,0.312,0,0.0947,-10.887,0.0418,172.308,0.328,0
207,C.I.D,4,0pcUeYU5h8hmBTJKYh75Bu,Aliina Valene,spotify:track:0pcUeYU5h8hmBTJKYh75Bu,0.991,0.526,0.235,0.875,0.501,-12.037,0.038,69.116,0.834,0
208,C.I.D,5,4eeLtEae3DGLhl7ZYo1Lks,Ninu Kalasina Nimusamuna,spotify:track:4eeLtEae3DGLhl7ZYo1Lks,0.963,0.635,0.516,0.000955,0.18,-7.442,0.0317,134.467,0.642,0
209,C.I.D,6,5auiCwqksMyeMblYtV61Ig,Yendukayyaa Vunchinaavu,spotify:track:5auiCwqksMyeMblYtV61Ig,0.523,0.577,0.492,0.377,0.0985,-10.912,0.394,81.19,0.634,0
210,C.I.D,7,559JI9wwwI25lM1qm7krkv,Naa Manasu Nee,spotify:track:559JI9wwwI25lM1qm7krkv,0.874,0.547,0.298,0.00251,0.131,-12.426,0.203,139.549,0.802,0
211,C.I.D,8,2wgyoE5INxxiPNh8koIZmM,Yuvathulu Choosi,spotify:track:2wgyoE5INxxiPNh8koIZmM,0.99,0.535,0.525,0.00115,0.17,-5.865,0.0336,127.444,0.768,0
