,album,track_number,id,name,uri,acousticness,danceability,energy,instrumentalness,liveness,loudness,speechiness,tempo,valence,popularity
0,Ghodo Babe Ro (Original),1,7LPvXNtUqOxcKBE1qu5mrR,Ghodo Babe Ro 1 - Original,spotify:track:7LPvXNtUqOxcKBE1qu5mrR,0.396,0.64,0.693,0.0,0.214,-3.228,0.0286,93.979,0.964,0
1,Ghodo Babe Ro (Original),2,2QxR3q5LZhL4dLlWNLypPN,Ghodo Babe Ro 2 - Original,spotify:track:2QxR3q5LZhL4dLlWNLypPN,0.63,0.531,0.867,0.0,0.254,-4.02,0.323,135.027,0.915,0
2,Ghodo Babe Ro (Original),3,44PGNS0PS6l03f4syO09H6,Ghodo Babe Ro 3 - Original,spotify:track:44PGNS0PS6l03f4syO09H6,0.578,0.446,0.84,4.34e-06,0.474,-3.795,0.256,82.232,0.912,0
3,Ghodo Babe Ro (Original),4,2U1vhZCcy8YH5nir05bxkh,Ghodo Babe Ro 4 - Original,spotify:track:2U1vhZCcy8YH5nir05bxkh,0.248,0.531,0.934,0.000301,0.236,-3.831,0.148,101.032,0.801,0
4,Rupala Shyam Dhani,1,3L9MLfEu3x7F0lN9BC6PD1,Bheed Ghani,spotify:track:3L9MLfEu3x7F0lN9BC6PD1,0.295,0.775,0.847,0.121,0.355,-6.178,0.141,135.053,0.829,0
5,Rupala Shyam Dhani,2,2QN6C5UgrTHo6tDwefMncb,Gujariya Nache,spotify:track:2QN6C5UgrTHo6tDwefMncb,0.0441,0.683,0.895,3.54e-05,0.251,-7.17,0.0575,129.007,0.593,0
6,Rupala Shyam Dhani,3,5mXizJNr1vp9hRzrOPEvGu,Jhula Jhulo Shyam Dhani,spotify:track:5mXizJNr1vp9hRzrOPEvGu,0.09,0.65,0.915,6.57e-05,0.314,-6.615,0.191,145.034,0.869,0
7,Rupala Shyam Dhani,4,2kXdJtuMEXF3bw2aebtJwO,Man Ro Moriyo,spotify:track:2kXdJtuMEXF3bw2aebtJwO,0.557,0.604,0.919,3.27e-06,0.667,-5.466,0.106,98.985,0.773,0
8,Rupala Shyam Dhani,5,5lwAaUCjlrwCMdnbDREaLn,Mhare Ghare Aaja,spotify:track:5lwAaUCjlrwCMdnbDREaLn,0.142,0.316,0.924,0.000385,0.644,-5.644,0.0676,74.55,0.629,0
9,Rupala Shyam Dhani,6,0gkRgrWTlLzodkGpBpXHeB,Sawariya Sarkar,spotify:track:0gkRgrWTlLzodkGpBpXHeB,0.0782,0.647,0.941,0.000977,0.124,-5.192,0.0523,113.115,0.864,0
10,Rupala Shyam Dhani,7,6U3XcMPRzbHl0k8EPWYxyj,Shyam Been Jeevan,spotify:track:6U3XcMPRzbHl0k8EPWYxyj,0.577,0.669,0.973,0.728,0.444,-5.15,0.0623,113.143,0.66,0
11,Rupala Shyam Dhani,8,5QchqRcUYU4r6Ja0ujmgso,Tharo Deshadlo Pyaro,spotify:track:5QchqRcUYU4r6Ja0ujmgso,0.35,0.554,0.863,9.84e-06,0.408,-5.611,0.0656,78.249,0.859,0
12,Indana Mata Ke Chala Fatfatiya Pe (Original),1,3HfFxuHgaVC7n9zT4aA1Qg,Indana Mata Ke Chala Fatfatiya Pe - Original,spotify:track:3HfFxuHgaVC7n9zT4aA1Qg,0.383,0.746,0.936,0.00402,0.0795,-6.072,0.0608,94.998,0.931,0
13,Indana Mata Ke Chala Fatfatiya Pe (Original),2,06GxPr1KUdqlvZrmata2zT,Ore Ma Mata Re Mele Jau - Original,spotify:track:06GxPr1KUdqlvZrmata2zT,0.00269,0.717,0.799,1.3e-05,0.0894,-3.446,0.0477,160.003,0.8,0
14,Indana Mata Ke Chala Fatfatiya Pe (Original),3,37yLNsEWt3AjdUdIW5e5lE,Mataji Ke Nache Bindani - Original,spotify:track:37yLNsEWt3AjdUdIW5e5lE,0.0701,0.753,0.827,0.0,0.334,-6.933,0.13,135.95,0.743,0
15,Indana Mata Ke Chala Fatfatiya Pe (Original),4,1PPTqQxkMFbeLIr6vIFcXT,Mataji Ke Chhamak Chhamak - Original,spotify:track:1PPTqQxkMFbeLIr6vIFcXT,0.0515,0.71,0.838,0.000944,0.33,-6.025,0.077,138.013,0.861,0
16,Indana Mata Ke Chala Fatfatiya Pe (Original),5,321n2oPgk7JnpncY0kZhvo,Kheda Kheda Me Manava - Original,spotify:track:321n2oPgk7JnpncY0kZhvo,0.161,0.721,0.918,0.00073,0.0655,-5.863,0.0356,125.992,0.962,0
17,Indana Mata Ke Chala Fatfatiya Pe (Original),6,4VCQpY728zscpg19ehzGIL,Vari Vari O Chamunda Mata - Original,spotify:track:4VCQpY728zscpg19ehzGIL,0.606,0.642,0.951,0.206,0.0841,-2.838,0.0337,139.985,0.934,0
18,Indana Mata Ke Chala Fatfatiya Pe (Original),7,4yJ2YB9GLaq4qmL6Er19kz,Hela Pe Helo Deu Maa - Original,spotify:track:4yJ2YB9GLaq4qmL6Er19kz,0.504,0.766,0.971,0.0812,0.112,-5.427,0.0515,114.016,0.849,0
19,Rangilo Bheru (Original),1,68W3oQSZ1Fz01WiqosJ1T4,Dede So Ko Note - Original,spotify:track:68W3oQSZ1Fz01WiqosJ1T4,0.184,0.626,0.913,0.000234,0.398,-5.329,0.0366,98.639,0.96,0
20,Rangilo Bheru (Original),2,5L1QGVpJ8tQL74dAXYu2PH,Dakan Lapeta Leve - Original,spotify:track:5L1QGVpJ8tQL74dAXYu2PH,0.305,0.571,0.973,0.0704,0.175,-4.149,0.0544,92.428,0.844,0
21,Rangilo Bheru (Original),3,3NT5g7fxN46DBCUXxAdGjM,Abla Ri Ardas Sunjo - Original,spotify:track:3NT5g7fxN46DBCUXxAdGjM,0.228,0.551,0.972,2.83e-05,0.032,-5.103,0.0635,90.114,0.882,0
22,Rangilo Bheru (Original),4,0D7JQ22FMBEpj2TTDrJKt7,Pujari Aado Khol Darsan Karba De - Original,spotify:track:0D7JQ22FMBEpj2TTDrJKt7,0.366,0.622,0.919,0.000826,0.364,-5.286,0.0438,111.728,0.937,0
23,Rangilo Bheru (Original),5,2nvENHSPBWReDPEYQq7cNM,Kadiya Rapat Jaae - Original,spotify:track:2nvENHSPBWReDPEYQq7cNM,0.122,0.448,0.972,0.000769,0.046,-6.464,0.157,148.671,0.601,0
24,Rangilo Bheru (Original),6,4WBXKgF2K80mPeEECAUMQy,Nakhro Bhari He - Original,spotify:track:4WBXKgF2K80mPeEECAUMQy,0.0839,0.4,0.986,3.9e-05,0.419,-5.632,0.16,146.315,0.475,0
25,Rangilo Bheru (Original),7,5KOAhp8nyKiW7p2h77d1ZK,Rangila Bheru - Original,spotify:track:5KOAhp8nyKiW7p2h77d1ZK,0.0167,0.509,0.98,4.46e-06,0.0475,-6.675,0.105,137.01,0.635,0
26,Rangilo Bheru (Original),8,2HxvxDrEA7XPA4BPCqWXvn,Raat Andheri - Original,spotify:track:2HxvxDrEA7XPA4BPCqWXvn,0.0493,0.529,0.972,0.349,0.345,-5.154,0.0554,135.275,0.864,0
27,"DJ Par Naach Lewa De, Vol. 9",1,4GoV0QkssaJyajptct79fY,Mey Mihia Me Rehwa,spotify:track:4GoV0QkssaJyajptct79fY,0.112,0.591,0.669,0.0,0.0778,-11.723,0.0543,170.02,0.962,0
28,"DJ Par Naach Lewa De, Vol. 9",2,7IjnqzUwZhApbtry6aC5Qv,Banasa Mahrey,spotify:track:7IjnqzUwZhApbtry6aC5Qv,0.0561,0.6,0.918,0.0,0.0981,-4.976,0.09,90.024,0.887,0
29,"DJ Par Naach Lewa De, Vol. 9",3,5rPUUoZEBPbAglurpMeAP5,Thodi Banni Mang,spotify:track:5rPUUoZEBPbAglurpMeAP5,0.608,0.655,0.793,0.0,0.0789,-5.588,0.0584,79.965,0.969,0
30,"DJ Par Naach Lewa De, Vol. 9",4,0WPuArCqcIq4Nt1wWfYIY9,Maravan Lachko,spotify:track:0WPuArCqcIq4Nt1wWfYIY9,0.571,0.708,0.699,0.0,0.342,-5.832,0.0303,135.027,0.877,0
33,"DJ Par Naach Lewa De, Vol. 9",7,3Mpk2TJ0Mnd2clzplVq4LE,Aer Undo Ji Poni,spotify:track:3Mpk2TJ0Mnd2clzplVq4LE,0.457,0.651,0.772,1.28e-05,0.287,-6.127,0.0398,99.966,0.949,0
34,"DJ Par Naach Lewa De, Vol. 9",8,3rK6KT4v228St9vdxuhEYT,Banni Taras Taras,spotify:track:3rK6KT4v228St9vdxuhEYT,0.291,0.778,0.91,0.00018,0.215,-6.474,0.0553,124.99,0.938,0
35,"DJ Par Naach Lewa De, Vol. 9",9,5k4GMlcNwmszSDmfKYRabe,O Bansa Thare,spotify:track:5k4GMlcNwmszSDmfKYRabe,0.451,0.618,0.804,4.77e-06,0.172,-7.667,0.0343,94.841,0.95,0
36,"DJ Par Naach Lewa De, Vol. 9",10,28pyFkS0IhT8BV5bkksrvW,Hatiya Su Hatiyo,spotify:track:28pyFkS0IhT8BV5bkksrvW,0.509,0.604,0.852,0.00597,0.23,-6.726,0.0415,170.066,0.961,0
37,"DJ Per Naach Lewa De, Vol. 1",1,0lGgFchNbk23BGPFNrj07D,Goda Cadane,spotify:track:0lGgFchNbk23BGPFNrj07D,0.113,0.805,0.909,0.00186,0.177,-6.254,0.0338,118.008,0.803,0
38,"DJ Per Naach Lewa De, Vol. 1",2,6I1MOvYPQ852p8m1wEljig,Nakrala Bana,spotify:track:6I1MOvYPQ852p8m1wEljig,0.811,0.652,0.602,0.0,0.106,-7.044,0.0499,90.037,0.347,0
39,"DJ Per Naach Lewa De, Vol. 1",3,4yXpWV8u5ZfedgmoXLVgVg,Agragi Me Bole Bandi,spotify:track:4yXpWV8u5ZfedgmoXLVgVg,0.507,0.569,0.723,6.41e-06,0.256,-4.061,0.0267,94.949,0.89,0
40,"DJ Per Naach Lewa De, Vol. 1",4,4SnnvXhE2PMcoTcbmApG7x,Sadi Ma Dj,spotify:track:4SnnvXhE2PMcoTcbmApG7x,0.0387,0.725,0.997,3.52e-05,0.0529,-1.36,0.119,108.951,0.602,0
41,"DJ Per Naach Lewa De, Vol. 1",5,5RxeAu3LdQuQR7c8lVR6Hr,Char Char Bagdi,spotify:track:5RxeAu3LdQuQR7c8lVR6Hr,0.388,0.548,0.991,0.0,0.771,-2.725,0.47,73.396,0.267,2
42,"DJ Per Naach Lewa De, Vol. 1",6,7yWp6KsADBhPWg4jyCs6b4,Kaem Ra Kaem,spotify:track:7yWp6KsADBhPWg4jyCs6b4,0.571,0.601,0.673,0.0,0.726,-10.805,0.0324,88.391,0.929,0
43,"DJ Per Naach Lewa De, Vol. 1",7,40xq9vbZvZqGa8nohKtAV9,Bana Dundaliy Dorama,spotify:track:40xq9vbZvZqGa8nohKtAV9,0.126,0.716,0.755,0.0,0.474,-9.384,0.105,79.866,0.802,0
44,"DJ Per Naach Lewa De, Vol. 1",8,2eplHjMzcDr9F4gTyWXOlD,Aa To Raat Chandni,spotify:track:2eplHjMzcDr9F4gTyWXOlD,0.139,0.737,0.802,0.000291,0.255,-6.11,0.0614,90.011,0.88,0
45,"DJ Per Naach Lewa De, Vol. 1",9,2fL7Kx8F7s2pdNPSamduNH,Shirdar Bana,spotify:track:2fL7Kx8F7s2pdNPSamduNH,0.503,0.742,0.842,0.0,0.765,-5.764,0.0561,169.951,0.92,0
46,"DJ Per Naach Lewa De, Vol. 1",10,6C4lpua8XYxebPJm34HwnQ,Biyaan Sadi Ma,spotify:track:6C4lpua8XYxebPJm34HwnQ,0.319,0.761,0.979,0.000942,0.588,-3.885,0.0468,109.972,0.893,0
47,"DJ Per Naach Lewa De, Vol. 2",1,6C78tsXFPPdAEU0mK2b1jI,Heriyala Bana,spotify:track:6C78tsXFPPdAEU0mK2b1jI,0.756,0.538,0.625,0.0,0.428,-4.578,0.0611,180.013,0.519,7
48,"DJ Per Naach Lewa De, Vol. 2",2,1h4Z2YZz6k1Yp70xYRyxbW,Jala Jaloriya,spotify:track:1h4Z2YZz6k1Yp70xYRyxbW,0.461,0.61,0.922,0.0,0.308,-3.672,0.0819,149.983,0.964,0
49,"DJ Per Naach Lewa De, Vol. 2",3,5fB86O1ThFW4YdJCxh2CjL,Patkdi Ma,spotify:track:5fB86O1ThFW4YdJCxh2CjL,0.0498,0.685,0.892,0.00439,0.111,-3.199,0.034,99.708,0.925,0
50,"DJ Per Naach Lewa De, Vol. 2",4,1C2CKyKC8g2yzm6i95Tyko,Bansa Ahi Aaka Thij,spotify:track:1C2CKyKC8g2yzm6i95Tyko,0.0658,0.555,0.961,0.00223,0.0475,-2.585,0.0542,175.17,0.962,0
51,"DJ Per Naach Lewa De, Vol. 2",5,6PGdqwxZW0rJ8JHk92HjBs,Tare Bani Megava Rasgula,spotify:track:6PGdqwxZW0rJ8JHk92HjBs,0.556,0.647,0.529,1.3e-05,0.063,-13.982,0.041,80.024,0.971,0
52,"DJ Per Naach Lewa De, Vol. 2",6,34RDQKa9qzIQcE2lK4kGw3,Bira Maraho,spotify:track:34RDQKa9qzIQcE2lK4kGw3,0.385,0.662,0.558,3.12e-05,0.242,-14.494,0.051,140.022,0.946,0
53,"DJ Per Naach Lewa De, Vol. 2",7,2Xz1jC7dRaI6tgjLvwBrnG,Gori Ra Sahiba,spotify:track:2Xz1jC7dRaI6tgjLvwBrnG,0.597,0.689,0.563,0.000335,0.538,-15.009,0.055,104.922,0.895,0
54,"DJ Per Naach Lewa De, Vol. 2",8,4TVvkDn38zXL3JTceyVzIk,Banna Thasan Radiyo,spotify:track:4TVvkDn38zXL3JTceyVzIk,0.0864,0.803,0.885,2.21e-05,0.159,-5.932,0.0294,110.0,0.906,0
55,"DJ Per Naach Lewa De, Vol. 2",9,5oa5GX0BQWcdkFjOmyioZq,Sadi Ma Dj Baja,spotify:track:5oa5GX0BQWcdkFjOmyioZq,0.0406,0.671,0.981,0.00611,0.336,-3.777,0.0974,130.02,0.563,0
56,"DJ Per Naach Lewa De, Vol. 2",10,0kFp24xzc7uwOdnAs4KPTr,Aao Bansa Kaser,spotify:track:0kFp24xzc7uwOdnAs4KPTr,0.0707,0.735,0.952,0.0811,0.32,-6.056,0.0561,100.005,0.853,0
57,"DJ Per Naach Lewa De, Vol. 3",1,2r8KwnOnVe0zIWMuLX8Oxx,Banna Baglo Futro,spotify:track:2r8KwnOnVe0zIWMuLX8Oxx,0.489,0.658,0.871,0.0,0.153,-5.11,0.0573,169.913,0.964,0
58,"DJ Per Naach Lewa De, Vol. 3",2,58IS0npOwNC1P8QK7SgJrD,Mara Horoji Rusila,spotify:track:58IS0npOwNC1P8QK7SgJrD,0.561,0.451,0.899,8.19e-06,0.584,-3.836,0.076,169.814,0.844,0
59,"DJ Per Naach Lewa De, Vol. 3",3,1I9FU0k2IpDrDR3swXHPQQ,Fagun Khalu Aaj,spotify:track:1I9FU0k2IpDrDR3swXHPQQ,0.355,0.588,0.822,0.174,0.307,-6.216,0.0946,85.954,0.74,0
60,"DJ Per Naach Lewa De, Vol. 3",4,2PEfl8PdePxTldDka5uzm5,Thri Bani Megave,spotify:track:2PEfl8PdePxTldDka5uzm5,0.573,0.688,0.793,0.0,0.0708,-5.648,0.0473,80.025,0.968,0
61,"DJ Per Naach Lewa De, Vol. 3",5,4odS1OFyuIqAxNXOUDe1Dh,To Sach Bole Suha,spotify:track:4odS1OFyuIqAxNXOUDe1Dh,0.185,0.752,0.915,1.17e-06,0.117,-3.768,0.154,82.012,0.783,0
62,"DJ Per Naach Lewa De, Vol. 3",6,35ozT8ikaemN7DabZYlK1t,Suni Suni Se Lage,spotify:track:35ozT8ikaemN7DabZYlK1t,0.189,0.565,0.931,1.62e-05,0.428,-2.617,0.0552,99.942,0.681,0
63,"DJ Per Naach Lewa De, Vol. 4",1,3ZrRXYVY41qigbPtNtg8nB,Jinawrio,spotify:track:3ZrRXYVY41qigbPtNtg8nB,0.477,0.76,0.813,0.0,0.273,-5.082,0.0459,104.949,0.94,0
64,"DJ Per Naach Lewa De, Vol. 4",2,1ctZ59rUdIC15tj6Hu3RVI,Biyan Me Karu,spotify:track:1ctZ59rUdIC15tj6Hu3RVI,0.0755,0.878,0.986,0.0,0.169,-5.721,0.133,108.993,0.64,0
65,"DJ Per Naach Lewa De, Vol. 4",3,2ZI6BSpLDj4weQZM7E4XGJ,Gairo Phool Gulab Ro,spotify:track:2ZI6BSpLDj4weQZM7E4XGJ,0.32,0.768,0.883,3.84e-05,0.165,-9.372,0.077,100.042,0.901,0
66,"DJ Per Naach Lewa De, Vol. 4",4,0gIF3aJWtgrbTKfqiiPtmb,Mahla Main Jagdo,spotify:track:0gIF3aJWtgrbTKfqiiPtmb,0.103,0.808,0.899,2.1e-05,0.212,-11.531,0.0782,143.915,0.893,0
67,"DJ Per Naach Lewa De, Vol. 4",5,3IysMNscaq2eaD7WnVBASC,035.DOdoCHUDLAPAIRTI,spotify:track:3IysMNscaq2eaD7WnVBASC,0.439,0.769,0.908,9.64e-05,0.317,-8.98,0.0615,98.002,0.952,0
68,"DJ Per Naach Lewa De, Vol. 4",6,0FNQT5rsFrMBBaZwyZdr6n,Bahiya Raja,spotify:track:0FNQT5rsFrMBBaZwyZdr6n,0.0363,0.82,0.517,1.15e-05,0.0622,-12.31,0.0328,105.999,0.842,0
69,"DJ Per Naach Lewa De, Vol. 4",7,0VE8MoMjDY2k1Dy54iYnaR,Katha Su Aai,spotify:track:0VE8MoMjDY2k1Dy54iYnaR,0.274,0.665,0.702,2.99e-05,0.376,-9.844,0.0542,172.005,0.938,0
70,"DJ Per Naach Lewa De, Vol. 4",8,3SL9toPVgB2rmu4f30429d,Bansa Paki Dadam Daak,spotify:track:3SL9toPVgB2rmu4f30429d,0.368,0.81,0.731,7.04e-06,0.0695,-8.194,0.069,95.508,0.932,0
71,"DJ Per Naach Lewa De, Vol. 4",9,5DfIEiqZELTkV5V1g8zT8z,Raste Raste Chalti,spotify:track:5DfIEiqZELTkV5V1g8zT8z,0.205,0.783,0.822,4.53e-06,0.145,-6.272,0.0423,107.992,0.873,0
72,"DJ Per Naach Lewa De, Vol. 4",10,499f9ojJCt5Eek3ypNxmxS,Toran Tisiyo De,spotify:track:499f9ojJCt5Eek3ypNxmxS,0.256,0.67,0.496,0.0,0.0791,-12.213,0.0439,100.563,0.741,0
73,"DJ Per Naach Lewa De, Vol. 5",1,7k8x8imjEZf1YcGEw2LYTV,Bai Na Parnavo,spotify:track:7k8x8imjEZf1YcGEw2LYTV,0.109,0.509,0.433,0.0,0.347,-12.777,0.0872,169.424,0.947,0
74,"DJ Per Naach Lewa De, Vol. 5",2,5iwoifGpRSthSy7ZBG76pp,Chanwari Main Banni,spotify:track:5iwoifGpRSthSy7ZBG76pp,0.353,0.622,0.485,0.0,0.102,-13.963,0.109,84.889,0.962,0
75,"DJ Per Naach Lewa De, Vol. 5",3,3QfMsnF67f1fV0Zl9wk8OI,Naval Banna Sonida,spotify:track:3QfMsnF67f1fV0Zl9wk8OI,0.601,0.702,0.442,0.0,0.189,-11.635,0.167,93.126,0.849,0
76,"DJ Per Naach Lewa De, Vol. 5",4,03FjtxTL4Z4JyzxF6qb5v5,Ke Jajo Bhira,spotify:track:03FjtxTL4Z4JyzxF6qb5v5,0.116,0.583,0.477,0.0,0.0497,-11.851,0.113,113.076,0.94,0
77,"DJ Per Naach Lewa De, Vol. 5",5,24M7pmY4QZ1pFfL6gsVAKV,Banadi Baat Jove,spotify:track:24M7pmY4QZ1pFfL6gsVAKV,0.162,0.71,0.625,0.0,0.347,-12.938,0.0834,160.037,0.962,0
78,"DJ Per Naach Lewa De, Vol. 5",6,4LUt4xzDtkZFE7rG8XMJvr,Naval Banni,spotify:track:4LUt4xzDtkZFE7rG8XMJvr,0.244,0.536,0.499,0.0,0.126,-12.594,0.0614,170.116,0.959,0
79,"DJ Per Naach Lewa De, Vol. 5",7,35QhRbxIuPsIPhEAZ9cwBX,Vaivaie Jaun,spotify:track:35QhRbxIuPsIPhEAZ9cwBX,0.667,0.444,0.482,0.0,0.322,-11.146,0.0689,88.425,0.812,0
80,"DJ Per Naach Lewa De, Vol. 5",8,7KkkehlGuLiFWnMjk5H1H2,Jin Pade,spotify:track:7KkkehlGuLiFWnMjk5H1H2,0.219,0.715,0.652,0.000433,0.319,-9.988,0.0754,171.958,0.931,0
81,"DJ Per Naach Lewa De, Vol. 5",9,59Gp0gCuit7oORRhUU2XD5,Dhundhliya Dhora Ma,spotify:track:59Gp0gCuit7oORRhUU2XD5,0.429,0.729,0.721,0.000127,0.399,-10.919,0.0768,84.896,0.923,0
82,"DJ Per Naach Lewa De, Vol. 5",10,7G0wkSTZrhtWkNmKNkvQeQ,Kesariyo Hajari,spotify:track:7G0wkSTZrhtWkNmKNkvQeQ,0.144,0.708,0.687,0.0,0.167,-10.78,0.0524,128.328,0.804,0
83,"Rajasthani Wedding Songs, Vol. 4",1,3MvxVgzA33TanAevpbYTiP,Hariya Vans Ri Koyaldi,spotify:track:3MvxVgzA33TanAevpbYTiP,0.125,0.586,0.741,0.0,0.158,-3.925,0.0367,139.925,0.833,0
84,"Rajasthani Wedding Songs, Vol. 4",2,2YtQaS0D3836843p841ho9,Godi Aubi,spotify:track:2YtQaS0D3836843p841ho9,0.212,0.538,0.948,3.64e-06,0.315,-3.608,0.212,95.018,0.708,0
85,"Rajasthani Wedding Songs, Vol. 4",3,57LLZiSaYVQ6zdxVLV6EVl,Sivriya Ta,spotify:track:57LLZiSaYVQ6zdxVLV6EVl,0.1,0.63,0.95,0.0,0.0723,-2.219,0.194,150.054,0.9,0
86,"Rajasthani Wedding Songs, Vol. 4",4,5zu8EU5oc2V3SQ2JVKWTLc,Mhrvad Laclo,spotify:track:5zu8EU5oc2V3SQ2JVKWTLc,0.24,0.656,0.883,0.0,0.0609,-4.054,0.0966,159.966,0.817,0
87,"Rajasthani Wedding Songs, Vol. 4",5,3EBTuP9CCvF0HQYw3yWJyg,Dhol Bahja,spotify:track:3EBTuP9CCvF0HQYw3yWJyg,0.412,0.535,0.925,0.000263,0.473,-6.152,0.0785,189.926,0.891,0
88,"Rajasthani Wedding Songs, Vol. 4",6,1O3kPyrgMQo69RncZke4VX,Thodi Banni Mangaave,spotify:track:1O3kPyrgMQo69RncZke4VX,0.574,0.671,0.808,0.0,0.0679,-5.18,0.0507,79.996,0.967,0
89,"Rajasthani Wedding Songs, Vol. 4",7,1alXAq2pPOSHFVCeSiRFGn,Maravan Lachko Laago,spotify:track:1alXAq2pPOSHFVCeSiRFGn,0.594,0.705,0.711,0.0,0.337,-5.457,0.0289,135.021,0.864,0
90,"Rajasthani Wedding Songs, Vol. 4",8,50d28rkcMPGJt6sDiSO5kl,Haalo Re Saiyo,spotify:track:50d28rkcMPGJt6sDiSO5kl,0.136,0.689,0.864,0.000554,0.136,-7.072,0.0509,124.914,0.968,0
91,"Rajasthani Wedding Songs, Vol. 4",9,15JkLTmfOH7FRzW01CgLkg,Banni Sona Ri Ne,spotify:track:15JkLTmfOH7FRzW01CgLkg,0.444,0.553,0.831,0.0,0.336,-7.16,0.0454,180.286,0.971,0
92,"Rajasthani Wedding Songs, Vol. 4",10,4xWLZ0F8gUMR1eM4aF1IrC,Are Undo Ji Poni,spotify:track:4xWLZ0F8gUMR1eM4aF1IrC,0.41,0.658,0.779,1.02e-05,0.297,-5.644,0.0401,100.0,0.951,0
93,Banna Mharo Kesariyo,1,6hhl7hAHZ1Hep76KKkM9MM,Banna Mharo Kesariyo,spotify:track:6hhl7hAHZ1Hep76KKkM9MM,0.0616,0.759,0.977,1.28e-06,0.363,-4.477,0.0634,120.014,0.835,2
94,Banna Mharo Kesariyo,2,4VlGQDXUIpcoA9ZehF4Daa,Banna Panch Baras Ra Hove,spotify:track:4VlGQDXUIpcoA9ZehF4Daa,0.169,0.782,0.993,0.000776,0.342,-3.265,0.0792,119.989,0.587,0
95,Banna Mharo Kesariyo,3,115TZZ3lv6T8YGRvRmP3Zg,Banna Thane Begoda Bulaya,spotify:track:115TZZ3lv6T8YGRvRmP3Zg,0.0845,0.743,0.896,0.0153,0.418,-3.023,0.0942,108.978,0.924,8
96,Banna Mharo Kesariyo,4,25JXVg04UJYe4UfVje6mWS,Byaiji Aadi Tedi Najraj Kai Dekho,spotify:track:25JXVg04UJYe4UfVje6mWS,0.251,0.786,0.926,0.0,0.374,-3.552,0.0575,108.977,0.672,0
97,Banna Mharo Kesariyo,5,3oQQq6JOWlSv25nrlDW04J,Dhola Paidal Kiya Chaalu,spotify:track:3oQQq6JOWlSv25nrlDW04J,0.27,0.812,0.939,0.000517,0.355,-3.101,0.071,108.997,0.968,0
98,Banna Mharo Kesariyo,6,1mDIE1CtmaPGQFbgmVdYba,Hariyala Banna O,spotify:track:1mDIE1CtmaPGQFbgmVdYba,0.286,0.738,0.936,0.0,0.338,-3.902,0.038,93.039,0.966,4
99,Banna Mharo Kesariyo,7,1uVqBg0BYkwtp2V9RFeycs,Koyaladi Hadh Bole,spotify:track:1uVqBg0BYkwtp2V9RFeycs,0.519,0.649,0.935,0.0,0.368,-4.032,0.0575,80.003,0.899,0
100,Banna Mharo Kesariyo,8,7pa8eeypzGmSY3863lhxIl,Luni Ko Lai Rasgullo,spotify:track:7pa8eeypzGmSY3863lhxIl,0.0859,0.809,0.979,0.0,0.273,-3.638,0.0668,125.033,0.825,5
101,Banna Mharo Kesariyo,9,113sm0aDIhv84jpcUfxlUn,Rumak Jhumak Nache Byan Rasili,spotify:track:113sm0aDIhv84jpcUfxlUn,0.131,0.771,0.955,2.78e-05,0.346,-4.061,0.0488,109.084,0.762,0
102,Banna Mharo Kesariyo,10,3xPyeginM5G9ZkNbvmrXUD,Shiva Ki Shaadi Mein,spotify:track:3xPyeginM5G9ZkNbvmrXUD,0.222,0.752,0.99,0.00314,0.343,-3.84,0.0643,130.004,0.684,0
103,Fagan Mein Nache,1,4IPMkC539akFh1zAYYOlsE,Fagan Mein Nache,spotify:track:4IPMkC539akFh1zAYYOlsE,0.0697,0.801,0.957,0.0,0.347,-5.049,0.0435,109.03,0.895,0
104,Fagan Mein Nache,2,20H5hLPD3aFbZg2mlSF4Hm,Mangra Mein Daru Pive,spotify:track:20H5hLPD3aFbZg2mlSF4Hm,0.0479,0.769,0.875,0.000401,0.453,-3.879,0.0406,100.006,0.948,8
105,Fagan Mein Nache,3,5kSRPDgPZJFnZopF0qd259,Rang Khele Fagan Mein,spotify:track:5kSRPDgPZJFnZopF0qd259,0.0177,0.753,0.972,0.0,0.375,-4.137,0.0558,112.025,0.896,0
106,Fagan Mein Nache,4,5RsuJAZaT7VzdrtGJIhsW0,Chang Fagan Mein Mitha Baje,spotify:track:5RsuJAZaT7VzdrtGJIhsW0,0.353,0.706,0.988,5.55e-05,0.773,-3.783,0.0676,104.995,0.871,0
107,Fagan Mein Nache,5,7Ahcx531ERV0pLbqJKTVp5,Devar Mharo Re,spotify:track:7Ahcx531ERV0pLbqJKTVp5,0.37,0.728,0.923,0.000901,0.256,-2.331,0.0637,79.958,0.974,0
108,Fagan Mein Nache,6,5ZQf9yZZzMUMqOHu4no41A,Besharm Kabutar Gutar Gu Bole,spotify:track:5ZQf9yZZzMUMqOHu4no41A,0.267,0.649,0.914,0.000216,0.119,-4.25,0.187,169.994,0.966,0
109,Fagan Mein Nache,7,47GtFQJF8fWyUdVVL6CSRt,Gudla Dubja,spotify:track:47GtFQJF8fWyUdVVL6CSRt,0.191,0.625,0.924,0.0,0.335,-3.892,0.0705,149.903,0.957,0
110,Jalam Jatni Payal Bajani,1,10339HeHidWvuAfxmAsdrz,Baje Algoja Tejo,spotify:track:10339HeHidWvuAfxmAsdrz,0.174,0.713,0.843,0.0,0.586,-4.269,0.127,108.996,0.947,0
111,Jalam Jatni Payal Bajani,2,6pVH9RysYQT4p29kHFEpMu,Dag Dag Karto Tractor,spotify:track:6pVH9RysYQT4p29kHFEpMu,0.121,0.769,0.965,0.17,0.347,-4.769,0.0485,124.011,0.975,0
112,Jalam Jatni Payal Bajani,3,4mdqC03u3KyuiJMiMcCcB5,Dhol Nagada Baje,spotify:track:4mdqC03u3KyuiJMiMcCcB5,0.368,0.606,0.958,2.62e-05,0.477,-3.076,0.0938,138.026,0.63,0
113,Jalam Jatni Payal Bajani,4,0I3S8iFzPwLToivg98zY18,Kharnaliya Ko Tejo Sapne Aave,spotify:track:0I3S8iFzPwLToivg98zY18,0.151,0.649,0.942,0.0,0.413,-4.287,0.168,144.949,0.84,0
114,Jalam Jatni Payal Bajani,5,54BAhO1lOJ6iSxHGoK5enQ,Lilan Ghodi Jhur Jhur Rove,spotify:track:54BAhO1lOJ6iSxHGoK5enQ,0.615,0.78,0.95,0.0003,0.453,-3.979,0.046,120.036,0.731,0
115,Jalam Jatni Payal Bajani,6,2EA64lxYbX4QPp5Xp6fdnV,Tejaji Darshan De,spotify:track:2EA64lxYbX4QPp5Xp6fdnV,0.0794,0.805,0.858,8.45e-06,0.327,-4.797,0.0421,108.982,0.971,0
116,Jalam Jatni Payal Bajani,7,5YmgnhLn6cZ5G38CljUIUk,Tejaji Ke Chaal,spotify:track:5YmgnhLn6cZ5G38CljUIUk,0.136,0.83,0.815,1.46e-06,0.0841,-4.12,0.0296,105.987,0.967,0
117,Jalam Jatni Payal Bajani,8,2ckh0nuNxLH6xLHCZrKFHu,Tejal Sab Ke Aave,spotify:track:2ckh0nuNxLH6xLHCZrKFHu,0.0554,0.741,0.984,2e-05,0.358,-4.041,0.0412,137.031,0.977,0
118,Jalam Jatni Payal Bajani,9,3oQwC3dX91ak7IqEwCXvVq,Tejo Ghuma Rahiyo Ghodi Ne,spotify:track:3oQwC3dX91ak7IqEwCXvVq,0.245,0.733,0.968,2.54e-06,0.108,-4.073,0.0606,130.037,0.946,0
119,Veer Tejaji Gatha (Tejaji Bhajan),1,1Li7HTabetK9gfDNuVlxxd,Jata Ra Jaya,spotify:track:1Li7HTabetK9gfDNuVlxxd,0.0893,0.398,0.942,0.000583,0.633,-6.312,0.0569,100.354,0.927,3
120,Veer Tejaji Gatha (Tejaji Bhajan),2,3XRoqfu6pdbqVKJW6rqxHK,Lilan Jhur Jhur,spotify:track:3XRoqfu6pdbqVKJW6rqxHK,0.118,0.418,0.95,1.42e-05,0.361,-6.112,0.102,126.322,0.752,0
121,Veer Tejaji Gatha (Tejaji Bhajan),3,2ke6E0hAIRDsOYL3t36jaj,Pihu Re Paphiya Bole,spotify:track:2ke6E0hAIRDsOYL3t36jaj,0.0193,0.538,0.931,0.0,0.0977,-8.479,0.0818,145.157,0.715,0
122,Veer Tejaji Gatha (Tejaji Bhajan),4,5sKDdUKxtSbeXgvqnxb061,Sasariya Mein Javu,spotify:track:5sKDdUKxtSbeXgvqnxb061,0.0358,0.491,0.95,0.000367,0.732,-5.628,0.0559,135.306,0.909,2
123,Veer Tejaji Gatha (Tejaji Bhajan),5,0m4P2mt1gNaISrN0c2sUnp,Sun Tejaji Re,spotify:track:0m4P2mt1gNaISrN0c2sUnp,0.424,0.632,0.912,8.11e-05,0.367,-3.579,0.0543,136.629,0.721,1
124,Veer Tejaji Gatha (Tejaji Bhajan),6,0TDBRL1A7GSEvg7cZnpYQH,Tejaji Darshan Deve Re,spotify:track:0TDBRL1A7GSEvg7cZnpYQH,0.0134,0.644,0.936,9.15e-06,0.328,-5.722,0.0862,154.404,0.839,0
125,Kotda Darbar Baba Ramdevji,1,2uo8SSF4mF0kQYR09IFRIG,Kotde Le Chalo,spotify:track:2uo8SSF4mF0kQYR09IFRIG,0.326,0.567,0.988,0.0823,0.24,-1.651,0.0752,115.196,0.753,4
126,Kotda Darbar Baba Ramdevji,2,2RwPobTCxQDsTF06Im7CNc,Kotda Ro Dewaro Katiyak Dur,spotify:track:2RwPobTCxQDsTF06Im7CNc,0.522,0.662,0.969,0.0289,0.251,-10.505,0.0546,121.048,0.761,0
127,Kotda Darbar Baba Ramdevji,3,6kxFn42iKOkXyCEWHwVNsP,Aakad Kakad Main,spotify:track:6kxFn42iKOkXyCEWHwVNsP,0.439,0.283,0.949,0.548,0.0586,-3.698,0.0791,159.405,0.868,0
128,Kotda Darbar Baba Ramdevji,4,2I8k0o0BvsrkHKmaF2hNi1,Kotda Le Chalo Maine,spotify:track:2I8k0o0BvsrkHKmaF2hNi1,0.556,0.647,0.997,0.233,0.787,-4.027,0.051,122.499,0.786,0
129,Kotda Darbar Baba Ramdevji,5,2lwY0OCiYEgUpFVIfjmTJ3,Thare Ghodane Ghumade,spotify:track:2lwY0OCiYEgUpFVIfjmTJ3,0.225,0.365,0.879,0.069,0.482,-6.215,0.0945,143.065,0.728,0
130,Kotda Darbar Baba Ramdevji,6,5TAz3FlJryy7TGdlfwOEyG,Kotda Mai Baje Mardang Dhol,spotify:track:5TAz3FlJryy7TGdlfwOEyG,0.188,0.389,0.892,0.116,0.255,-9.251,0.0709,141.82,0.75,0
131,Kotda Darbar Baba Ramdevji,7,16BMoIFQeWAvWBm0uQ3OeW,Runecha Mai Chaala,spotify:track:16BMoIFQeWAvWBm0uQ3OeW,0.472,0.665,0.692,0.000996,0.889,-13.249,0.094,135.047,0.745,0
132,Kotda Darbar Baba Ramdevji,8,3sdyPRa4q1Trzt5Cz2F1B9,Moruda Kotda Mai Boliyo,spotify:track:3sdyPRa4q1Trzt5Cz2F1B9,0.661,0.683,0.91,0.0164,0.348,-9.345,0.0589,114.535,0.922,0
133,Kotda Darbar Baba Ramdevji,9,4ADinTZVXcuqY3JgFHvhd7,Kotda Ri Vani Maaye,spotify:track:4ADinTZVXcuqY3JgFHvhd7,0.415,0.447,0.974,0.00276,0.227,-7.798,0.0582,119.415,0.812,0
134,Kotda Darbar Baba Ramdevji,10,5zTOkuzKOmKAEUtgcZ8cT6,Kotda Main Udd Rahi Rang,spotify:track:5zTOkuzKOmKAEUtgcZ8cT6,0.568,0.614,0.991,0.179,0.353,-5.783,0.0601,120.126,0.792,0
135,Devnarayan Ji,1,48veTfKPQy3WIpwZbbR6EM,Chadti Utari Aai,spotify:track:48veTfKPQy3WIpwZbbR6EM,0.256,0.712,0.922,0.561,0.348,-2.738,0.143,145.014,0.657,0
136,Devnarayan Ji,2,6Pdy1yNSgSVnSQdXe1LymI,DJ Par Nachva Du,spotify:track:6Pdy1yNSgSVnSQdXe1LymI,0.115,0.744,0.943,8.03e-06,0.292,-4.063,0.204,143.338,0.646,0
137,Devnarayan Ji,3,4OlgoHumE7nnRSp2DpAtZz,Gujar Mhari,spotify:track:4OlgoHumE7nnRSp2DpAtZz,0.228,0.572,0.931,0.0,0.344,-4.832,0.253,72.467,0.77,0
138,Devnarayan Ji,4,6MbOQTyS9bITiTMcL5IDr0,Jhatpat Kar Shingaar,spotify:track:6MbOQTyS9bITiTMcL5IDr0,0.229,0.764,0.932,5.08e-05,0.78,-2.87,0.106,126.967,0.728,0
139,Devnarayan Ji,5,6Ax4V7CfVPKmlpTeNLcDME,Murga,spotify:track:6Ax4V7CfVPKmlpTeNLcDME,0.466,0.427,0.888,0.5,0.881,-2.523,0.141,141.817,0.539,0
140,Devnarayan Ji,6,27HsQ7VDxynqqVtQ0aFMIb,Nach Mhari Gori,spotify:track:27HsQ7VDxynqqVtQ0aFMIb,0.473,0.757,0.942,1.69e-05,0.671,-3.741,0.0904,114.962,0.833,1
141,Devnarayan Ji,7,1OoT2doRGrq8t06vCCi21L,Pili Pil Lugari,spotify:track:1OoT2doRGrq8t06vCCi21L,0.47,0.725,0.954,0.323,0.338,-2.647,0.24,149.99,0.661,0
142,Koyaldi Jai Baba Ri Bol,1,1mtkd22QHQ5UpEEqDGEMX5,Jave Dilli Aagra,spotify:track:1mtkd22QHQ5UpEEqDGEMX5,0.209,0.685,0.935,0.23,0.445,-3.513,0.192,147.014,0.826,0
143,Koyaldi Jai Baba Ri Bol,2,6U3rWIMQr9n7ZoJN8fuD1e,Dal Dal Rovu Re,spotify:track:6U3rWIMQr9n7ZoJN8fuD1e,0.362,0.621,0.932,0.00166,0.076,-2.333,0.113,95.011,0.849,0
144,Koyaldi Jai Baba Ri Bol,3,1mRafqCP7swvUgfzfpHIGN,Gela Mein Bhandara,spotify:track:1mRafqCP7swvUgfzfpHIGN,0.362,0.636,0.976,0.00723,0.067,-1.097,0.097,134.995,0.793,0
145,Koyaldi Jai Baba Ri Bol,4,0bSC0zNSIqKmmNbV6iN2eX,Jhula Jhulan Gai Re,spotify:track:0bSC0zNSIqKmmNbV6iN2eX,0.123,0.778,0.914,0.206,0.315,-4.132,0.118,129.982,0.627,0
146,Koyaldi Jai Baba Ri Bol,5,6wB2buSdQLxZdOZkogcJYN,Moruda Bhaduda Ri Duj,spotify:track:6wB2buSdQLxZdOZkogcJYN,0.32,0.811,0.92,0.0,0.517,-3.177,0.135,112.953,0.932,0
147,Koyaldi Jai Baba Ri Bol,6,1JONCsKsbe6O10DGM8I4bd,Nathadi Soni Ne,spotify:track:1JONCsKsbe6O10DGM8I4bd,0.136,0.68,0.878,0.0,0.333,-3.141,0.144,145.128,0.963,0
148,Koyaldi Jai Baba Ri Bol,7,0TDgF5QSqJI2PcrC2BNQ0C,Sone Ro Palaniyo,spotify:track:0TDgF5QSqJI2PcrC2BNQ0C,0.00964,0.516,0.957,0.661,0.203,-3.869,0.115,169.869,0.626,0
149,Koyaldi Jai Baba Ri Bol,8,0hRlna8FZE7Nm6yvDTa6i7,Dhal Dhal Rou Re,spotify:track:0hRlna8FZE7Nm6yvDTa6i7,0.309,0.671,0.927,0.00346,0.367,-2.671,0.0666,95.025,0.908,0
150,Tejaji Ke Bolyo Morudo,1,7LPybidsH6VrfRTVgqDHwl,Baga Mein Jhulan Gayi Re,spotify:track:7LPybidsH6VrfRTVgqDHwl,0.107,0.725,0.95,0.0,0.0643,-3.296,0.0314,125.028,0.6,1
151,Tejaji Ke Bolyo Morudo,2,5QaSQxTV9aNNFuPncrDoVU,Jay Ho Tejal Thari,spotify:track:5QaSQxTV9aNNFuPncrDoVU,0.244,0.595,0.916,0.0,0.302,-2.341,0.206,155.076,0.862,1
152,Tejaji Ke Bolyo Morudo,3,7ux96vh9zp8croAPokvVtd,Lilan Par Ho Ashwaar,spotify:track:7ux96vh9zp8croAPokvVtd,0.113,0.701,0.934,0.722,0.287,-2.238,0.104,134.959,0.872,9
153,Tejaji Ke Bolyo Morudo,4,6dUHY0Goo0LpRjXhDC3x0J,Mor Ko Pankho,spotify:track:6dUHY0Goo0LpRjXhDC3x0J,0.465,0.721,0.913,0.000376,0.453,-2.181,0.216,145.024,0.763,8
154,Tejaji Ke Bolyo Morudo,5,00BOXcgchh0Ic8l4ff3k3g,Moruda,spotify:track:00BOXcgchh0Ic8l4ff3k3g,0.136,0.777,0.955,1.07e-06,0.347,-2.918,0.129,112.998,0.917,22
155,Tejaji Ke Bolyo Morudo,6,069a852WvpYLY37Sj0PwDI,Naag Kalyo Leve Lapeta,spotify:track:069a852WvpYLY37Sj0PwDI,0.0948,0.652,0.983,0.0145,0.402,-1.694,0.138,110.025,0.706,10
156,Tejaji Ke Bolyo Morudo,7,0d01NHAtlcrCkhspZFuW2s,Tejalal Thari Bandoli Nikle,spotify:track:0d01NHAtlcrCkhspZFuW2s,0.193,0.795,0.847,0.0,0.351,-3.215,0.0657,115.111,0.816,1
157,Tejaji Ke Bolyo Morudo,8,5IBYximLg5Q34DCkylZ8vo,The Dilli Mein Karnalya,spotify:track:5IBYximLg5Q34DCkylZ8vo,0.433,0.767,0.932,0.00182,0.386,-1.891,0.127,109.066,0.837,1
158,Gurasa Main Manndo Lago,1,1B1vNBbFrL639cE8vjiE1R,Ab Kai Suto Ho The,spotify:track:1B1vNBbFrL639cE8vjiE1R,0.0397,0.529,0.936,0.000356,0.349,-2.752,0.0553,124.595,0.964,0
159,Gurasa Main Manndo Lago,2,3izg2VzH7DrRjDITpWLMD8,Baba Darshan Mhane Dedo,spotify:track:3izg2VzH7DrRjDITpWLMD8,0.606,0.722,0.931,0.847,0.0806,-2.868,0.0631,111.233,0.79,0
160,Gurasa Main Manndo Lago,3,0dODm7QFeUaE7truZ5NyfJ,Devaram Ji Aap Padhariya,spotify:track:0dODm7QFeUaE7truZ5NyfJ,0.0296,0.598,0.966,0.000508,0.0461,-3.414,0.0598,102.164,0.964,0
161,Gurasa Main Manndo Lago,4,104JA6yzUaap5gQ45ayzZK,Devaram Ji Ne Dhayve,spotify:track:104JA6yzUaap5gQ45ayzZK,0.036,0.534,0.961,0.00032,0.247,-3.846,0.045,104.24,0.761,0
162,Gurasa Main Manndo Lago,5,2NZbWJLwyEXO0Txmw2J9Sa,Dhol Nagara Nopat Bajiya,spotify:track:2NZbWJLwyEXO0Txmw2J9Sa,0.265,0.623,0.885,0.000498,0.142,-3.428,0.0443,117.732,0.963,0
163,Gurasa Main Manndo Lago,6,4MXCQH6Jml87wtGbjAms9s,Gurudevji Kahe Sidha Chalo,spotify:track:4MXCQH6Jml87wtGbjAms9s,0.0101,0.541,0.969,0.0994,0.115,-3.417,0.0548,118.101,0.968,0
164,Gurasa Main Manndo Lago,7,3S4P5Tcf4g874DxBKlKwG1,Jatpat Kar Shingaar,spotify:track:3S4P5Tcf4g874DxBKlKwG1,0.133,0.527,0.962,0.0103,0.0678,-3.197,0.0468,135.911,0.962,0
165,Gurasa Main Manndo Lago,8,0mkRTp3HQKJa7IGq8FEKzQ,Sobha Charo Mer,spotify:track:0mkRTp3HQKJa7IGq8FEKzQ,0.0564,0.569,0.97,0.0525,0.396,-2.977,0.0495,101.007,0.963,0
166,Gurasa Main Manndo Lago,9,7HnvnvEzOv0Qq7LlFyOWXl,Thane Bhagat Bulave Bega,spotify:track:7HnvnvEzOv0Qq7LlFyOWXl,0.313,0.611,0.968,0.153,0.452,-3.207,0.0427,88.403,0.975,0
167,Gurasa Main Manndo Lago,10,18YRK2CVx76V9UDqffdkPz,Thara Se Manado Lago,spotify:track:18YRK2CVx76V9UDqffdkPz,0.219,0.617,0.968,0.000234,0.564,-2.929,0.0465,99.03,0.858,0
