,album,track_number,id,name,uri,acousticness,danceability,energy,instrumentalness,liveness,loudness,speechiness,tempo,valence,popularity
0,Hits of Lakhbir Singh Lakkha Vol.1,1,3DCY3JPyV5slPMS8v0OfvJ,Bole Shri Krishna Arjun Se ( Geeta Ka Gyan),spotify:track:3DCY3JPyV5slPMS8v0OfvJ,0.952,0.46,0.878,0.0169,0.41,-4.704,0.149,101.121,0.709,15
1,Hits of Lakhbir Singh Lakkha Vol.1,2,2TQX9WDma3MMZifWzlr3Es,Gopal Soona Soona,spotify:track:2TQX9WDma3MMZifWzlr3Es,0.909,0.567,0.763,0.000653,0.197,-5.456,0.0447,97.91,0.589,11
2,Hits of Lakhbir Singh Lakkha Vol.1,3,45FPNDoEzlXFpqkrFyHOVC,Girdhar Mere Mausam Aaya,spotify:track:45FPNDoEzlXFpqkrFyHOVC,0.787,0.406,0.92,2e-06,0.463,-3.447,0.121,180.843,0.923,9
3,Hits of Lakhbir Singh Lakkha Vol.1,4,1b3639ejeOz4iajJd1lJQK,Jhoole Radha Nand Kishor,spotify:track:1b3639ejeOz4iajJd1lJQK,0.893,0.439,0.922,0.000102,0.484,-2.16,0.0734,84.338,0.913,9
4,Hits of Lakhbir Singh Lakkha Vol.1,5,4UIzQmrNzct5OZHgZwk8g6,Baji Shyam Ki Bansuriya,spotify:track:4UIzQmrNzct5OZHgZwk8g6,0.945,0.367,0.768,0.000345,0.694,-5.621,0.0626,161.364,0.915,8
5,Hits of Lakhbir Singh Lakkha Vol.1,6,2buxikgIUV66ZHFJeRHHA8,Bada Zulam Dhaye Re,spotify:track:2buxikgIUV66ZHFJeRHHA8,0.969,0.447,0.851,0.0471,0.167,-5.048,0.178,173.665,0.924,7
6,Hits of Lakhbir Singh Lakkha Vol.1,7,1jDeoCgoYuBIwTLl9LvHBE,Hai Kaun Bada Tumse Maiya,spotify:track:1jDeoCgoYuBIwTLl9LvHBE,0.818,0.433,0.868,1.58e-06,0.27,-3.751,0.0456,142.129,0.622,6
7,Hits of Lakhbir Singh Lakkha Vol.1,8,3aWrJUVoqVc1DwEA8Z2Ujx,Maiya Meri Laaj Rakh Le,spotify:track:3aWrJUVoqVc1DwEA8Z2Ujx,0.854,0.638,0.836,0.00015,0.265,-3.286,0.0385,158.594,0.83,6
8,Hits of Lakhbir Singh Lakkha Vol.1,9,5kI04F6N1xWYcIU4sOY6FW,Sherowali Ambe Bhawani,spotify:track:5kI04F6N1xWYcIU4sOY6FW,0.724,0.655,0.932,4.08e-06,0.868,-1.064,0.0419,106.476,0.861,8
9,Hits of Lakhbir Singh Lakkha Vol.1,10,4UvVWd9OJXxCkbAxwBVsDN,Ambe Maiya Teri Meherbani Rahe,spotify:track:4UvVWd9OJXxCkbAxwBVsDN,0.755,0.493,0.847,3.38e-05,0.738,-3.131,0.0559,100.856,0.838,5
10,Hits of Lakhbir Singh Lakkha Vol.1,11,3gjC6Fhx5lijxEpbiDjFYX,De De Thoda Pyar,spotify:track:3gjC6Fhx5lijxEpbiDjFYX,0.908,0.548,0.747,0.000169,0.456,-3.682,0.0414,82.205,0.755,6
11,Hits of Lakhbir Singh Lakkha Vol.1,12,5Ez91Ur5zPjDcqQtYhLVjE,Kashmir Ki Vaadi Mein,spotify:track:5Ez91Ur5zPjDcqQtYhLVjE,0.937,0.469,0.622,2.44e-06,0.456,-3.878,0.0332,100.151,0.504,5
12,Hits of Lakhbir Singh Lakkha Vol.1,13,2PbCXWqJATOkBsc0a3OXd0,Dhool Maa Ke Charno Ki,spotify:track:2PbCXWqJATOkBsc0a3OXd0,0.752,0.587,0.873,0.00288,0.227,-1.91,0.041,94.487,0.592,4
13,Hits of Lakhbir Singh Lakkha Vol.1,14,64F2W9dK0SetjzalofpjrW,Mharo Peer Bado Balwan,spotify:track:64F2W9dK0SetjzalofpjrW,0.789,0.458,0.759,2.31e-05,0.853,-7.825,0.0917,134.706,0.878,4
14,Hits of Lakhbir Singh Lakkha Vol.1,15,5SDN5GZaztTnxwQXRrfiA1,Runiche Wala Khamma Khamma,spotify:track:5SDN5GZaztTnxwQXRrfiA1,0.746,0.559,0.716,0.0,0.832,-7.119,0.0514,98.611,0.908,4
15,Hits of Lakhbir Singh Lakkha Vol.1,16,2JvmaeQU9GhWnBkFYvWAb7,Sunle Baba Ramdev Ji,spotify:track:2JvmaeQU9GhWnBkFYvWAb7,0.693,0.439,0.805,0.0,0.882,-6.359,0.128,158.316,0.864,4
16,Hits of Lakhbir Singh Lakkha Vol.1,17,5myUBoxopbCOhmXtNUMEVT,Mainade Ra Lal,spotify:track:5myUBoxopbCOhmXtNUMEVT,0.825,0.509,0.742,2.18e-06,0.194,-6.672,0.0344,115.212,0.807,4
17,Hits of Lakhbir Singh Lakkha Vol.1,18,799fhTcEhdbfWPiu2qA4GA,Baba Dham Runicho Tharo,spotify:track:799fhTcEhdbfWPiu2qA4GA,0.78,0.464,0.8,2.98e-05,0.497,-6.506,0.169,157.395,0.923,4
18,Hits of Lakhbir Singh Lakkha Vol.1,19,3DThQGfrb5OYZQBdXpTFmK,Bulave Baba Ram Sa Peer,spotify:track:3DThQGfrb5OYZQBdXpTFmK,0.736,0.669,0.845,1.21e-05,0.663,-7.001,0.111,116.996,0.934,3
19,Hits of Lakhbir Singh Lakkha Vol.1,20,432COxhKylYsQtr50RdEbJ,Runicha Ro Dev,spotify:track:432COxhKylYsQtr50RdEbJ,0.773,0.572,0.83,0.000175,0.871,-7.188,0.0829,122.487,0.854,3
20,Yogini Ekadashi Special Bhajans,1,3PltQqSxh7O454okPchi8G,"Siddhi Vinayak Jai Ganpati (From ""Ganpati Padharo"")",spotify:track:3PltQqSxh7O454okPchi8G,0.672,0.762,0.915,0.0,0.0408,-1.276,0.0811,111.055,0.914,10
21,Yogini Ekadashi Special Bhajans,2,1N97ZNxp0493V1uaIxKe3i,"Shree Vishnu Amritwani (From ""Shree Vishnu Amritwani"")",spotify:track:1N97ZNxp0493V1uaIxKe3i,0.667,0.621,0.52,0.0,0.0414,-11.479,0.12,144.677,0.964,2
22,Yogini Ekadashi Special Bhajans,3,1f6xayNa9npdIrH6sYdh3C,"Jai Lakshmi Ramna (From ""Om Jai Jagdish Hare (Aarti Sangrah)"")",spotify:track:1f6xayNa9npdIrH6sYdh3C,0.803,0.632,0.75,0.0,0.365,-3.353,0.0333,96.499,0.81,6
23,Yogini Ekadashi Special Bhajans,4,1dZpo6bNmUrTAkzhdP2LXa,"Dhun (Hari Bol Hari Bol) [From ""Bhajan Sandhya""]",spotify:track:1dZpo6bNmUrTAkzhdP2LXa,0.939,0.461,0.527,0.149,0.126,-6.431,0.0355,147.837,0.614,1
24,Yogini Ekadashi Special Bhajans,5,07keF8MNst5f4S4f0Rl7IE,"Hari Naam Bin Kaun Tare (From ""Radha Govind Boliye"")",spotify:track:07keF8MNst5f4S4f0Rl7IE,0.169,0.458,0.427,1.33e-06,0.138,-15.449,0.0322,83.998,0.665,1
25,Sawariyo Baitho Hain,1,20uD6X4ukQPH43HjJdPTs4,Are Dwarpalo Kaniya Se,spotify:track:20uD6X4ukQPH43HjJdPTs4,0.425,0.372,0.633,0.0,0.284,-8.572,0.0827,82.83,0.802,35
26,Sawariyo Baitho Hain,2,15GH6mmxSygZzMKejDPQYW,Main Nikla Jab Gharse,spotify:track:15GH6mmxSygZzMKejDPQYW,0.533,0.396,0.875,0.0,0.359,-5.503,0.23,74.819,0.664,5
27,Sawariyo Baitho Hain,3,7AsjVM0GEVCquGcE4aZCfk,Mil Gaya Sawariye Ka Dwara,spotify:track:7AsjVM0GEVCquGcE4aZCfk,0.565,0.47,0.897,0.0,0.444,-5.445,0.28,82.581,0.742,1
28,Sawariyo Baitho Hain,4,5KmuxvRql8YFxacyunP3R3,Saudo Tol De,spotify:track:5KmuxvRql8YFxacyunP3R3,0.684,0.386,0.586,0.0,0.77,-8.122,0.0955,94.23,0.402,1
29,Sawariyo Baitho Hain,5,5f85xltTSax6l2zW0ueU4k,Sawariyo Baitho Hai,spotify:track:5f85xltTSax6l2zW0ueU4k,0.601,0.5,0.829,3.39e-06,0.339,-5.451,0.196,93.235,0.897,6
30,Sawariyo Baitho Hain,6,6VV7QxkJOUoJeeJnMDnYf3,Thadi Bhar Kar Lai Khichdo,spotify:track:6VV7QxkJOUoJeeJnMDnYf3,0.559,0.426,0.65,0.0,0.885,-7.72,0.0501,136.253,0.883,6
31,Sai Ek Farishta,1,0hOwRQqWWSyfKapp8iunt4,Sai Ek Farishta,spotify:track:0hOwRQqWWSyfKapp8iunt4,0.0564,0.696,0.845,0.0,0.111,-3.53,0.0646,118.015,0.893,2
32,Sai Ek Farishta,2,5c4b1WqiLwLmO4bD1bl4pj,Gaura Ke Laal,spotify:track:5c4b1WqiLwLmO4bD1bl4pj,0.37,0.645,0.883,9.52e-06,0.116,-4.462,0.0419,150.12,0.899,0
33,Sai Ek Farishta,3,3c6uaotucDLaaJ1VuZeuif,Sai Baba Ko,spotify:track:3c6uaotucDLaaJ1VuZeuif,0.321,0.538,0.764,4.11e-06,0.0585,-4.283,0.0412,176.007,0.934,0
34,Sai Ek Farishta,4,6URpA93TFkhpe1yUkIgOrX,Sai Teri Judaai,spotify:track:6URpA93TFkhpe1yUkIgOrX,0.467,0.621,0.704,0.0,0.0811,-5.701,0.0316,146.014,0.71,0
35,Sai Ek Farishta,5,2VulxFoIYDS4Rvj723Kvv7,Sai Tere Naam Ke,spotify:track:2VulxFoIYDS4Rvj723Kvv7,0.189,0.64,0.915,0.0,0.109,-5.243,0.16,150.008,0.789,0
36,Sai Ek Farishta,6,27KyxJvW05A79Gs3BIPH9c,Sai Da Darbar,spotify:track:27KyxJvW05A79Gs3BIPH9c,0.19,0.649,0.856,0.0,0.0557,-5.717,0.0667,139.895,0.932,0
37,Sai Ek Farishta,7,0QcqEpUanB0quZZUTUZzv7,Sai Maula Mere,spotify:track:0QcqEpUanB0quZZUTUZzv7,0.274,0.523,0.86,0.0,0.106,-5.374,0.0441,167.877,0.972,0
38,Sai Ek Farishta,8,1TOhWphcdwtgycNAmpRBS0,Sai Kya Karun,spotify:track:1TOhWphcdwtgycNAmpRBS0,0.261,0.636,0.861,0.0,0.167,-4.345,0.0559,82.009,0.827,0
39,Sai Ek Farishta,9,4sQ0pxVNL6c3bJLkvcgAUL,Koi Aaya Hai,spotify:track:4sQ0pxVNL6c3bJLkvcgAUL,0.478,0.598,0.797,4.58e-06,0.0507,-4.748,0.0424,155.992,0.879,0
40,Joy Joy Joy Maa,1,4khMg4MHa2Lkn0HCYj5usa,Mor Babul Mon,spotify:track:4khMg4MHa2Lkn0HCYj5usa,0.677,0.763,0.718,0.0,0.158,-5.653,0.0551,129.962,0.953,0
41,Joy Joy Joy Maa,2,1MpMmmY9SKve5MwMHYNf8d,Jopo Mann Jopo Mann,spotify:track:1MpMmmY9SKve5MwMHYNf8d,0.764,0.568,0.589,1.16e-05,0.15,-6.488,0.0336,74.932,0.69,2
42,Joy Joy Joy Maa,3,2AEauZJGTKIVzDPhZ2em9o,Keu Daake Shyama Bole,spotify:track:2AEauZJGTKIVzDPhZ2em9o,0.693,0.493,0.472,0.0,0.0891,-7.098,0.0431,155.037,0.681,0
43,Joy Joy Joy Maa,4,777TbgVSou0Iiw9IbZGIKq,Clanto Jeevan,spotify:track:777TbgVSou0Iiw9IbZGIKq,0.888,0.533,0.534,0.0,0.105,-7.779,0.0472,151.971,0.73,0
44,Joy Joy Joy Maa,5,4PR8mtjnsNP3bCn0YYgCtF,Ae Sukher Dehe,spotify:track:4PR8mtjnsNP3bCn0YYgCtF,0.715,0.662,0.571,0.0,0.0771,-6.503,0.0324,92.055,0.873,0
45,Joy Joy Joy Maa,6,41is7bQLHghPY2RmTUv7ZU,Aami Mayer Paye,spotify:track:41is7bQLHghPY2RmTUv7ZU,0.729,0.623,0.616,0.0,0.0837,-7.265,0.0374,80.034,0.826,0
46,Joy Joy Joy Maa,7,1xkPAyGPmxT8oj1hsb5ZP1,Amaar Mon Ja Jaa Boui,spotify:track:1xkPAyGPmxT8oj1hsb5ZP1,0.775,0.539,0.593,2.09e-06,0.13,-6.193,0.0326,173.97,0.846,2
47,Joy Joy Joy Maa,8,3qkxhHF8yKqiX6UcIXQf2n,Joy Joy Joy Maa,spotify:track:3qkxhHF8yKqiX6UcIXQf2n,0.689,0.65,0.542,0.0,0.127,-6.535,0.0396,79.997,0.82,0
48,"Le Baba Ka Naam Amrit Barsega, Vol. 4",1,3DrYydJn3V0Vh8nwF64uE5,Sare Tirath Dham,spotify:track:3DrYydJn3V0Vh8nwF64uE5,0.528,0.822,0.579,1.62e-06,0.0761,-7.348,0.0355,120.046,0.803,15
49,"Le Baba Ka Naam Amrit Barsega, Vol. 4",2,09h9kG46dM4Af0ufwDGnga,Changa Lagda Ni,spotify:track:09h9kG46dM4Af0ufwDGnga,0.222,0.585,0.76,0.0,0.131,-5.426,0.0505,89.962,0.669,8
50,"Le Baba Ka Naam Amrit Barsega, Vol. 4",3,4OgIwJat7o71A9Z39KVxDg,Teri Kripa Hi Meri Sab Kuch,spotify:track:4OgIwJat7o71A9Z39KVxDg,0.58,0.76,0.533,0.0,0.319,-6.457,0.0294,100.009,0.783,9
51,"Le Baba Ka Naam Amrit Barsega, Vol. 4",4,1qtg6kdzu5IWsSWT8TUDeP,Ye Santo Ka Prem Nagar Hai,spotify:track:1qtg6kdzu5IWsSWT8TUDeP,0.395,0.767,0.514,0.0,0.315,-4.867,0.0327,119.874,0.482,8
52,"Le Baba Ka Naam Amrit Barsega, Vol. 4",5,3C7TrJELkuAMMQqOZfAknq,Mere Jar Jar Hai,spotify:track:3C7TrJELkuAMMQqOZfAknq,0.141,0.734,0.701,2.35e-05,0.0422,-5.225,0.0348,145.955,0.894,10
53,"Le Baba Ka Naam Amrit Barsega, Vol. 4",6,3GRdEwqAofZf6xB0eipW3Z,Tereyan Charna,spotify:track:3GRdEwqAofZf6xB0eipW3Z,0.167,0.774,0.549,0.0,0.061,-4.768,0.0292,125.911,0.743,13
54,"Le Baba Ka Naam Amrit Barsega, Vol. 4",7,19Q5PlKcsPULHNqso17d6z,Maiya Ho Ganga Maiya,spotify:track:19Q5PlKcsPULHNqso17d6z,0.439,0.366,0.605,0.0,0.0946,-4.951,0.0363,79.99,0.64,8
55,"Le Baba Ka Naam Amrit Barsega, Vol. 4",8,79gA8bUuvlQqEdcI7oyB30,Main Vari Jau,spotify:track:79gA8bUuvlQqEdcI7oyB30,0.672,0.69,0.696,0.0,0.114,-7.713,0.0437,87.917,0.964,6
56,"Le Baba Ka Naam Amrit Barsega, Vol. 4",9,34sAF4s6yc8Zq8yLGcN8Ym,Aise Shyam Hamare,spotify:track:34sAF4s6yc8Zq8yLGcN8Ym,0.675,0.754,0.655,0.0,0.0469,-7.997,0.043,90.023,0.941,2
57,"Le Baba Ka Naam Amrit Barsega, Vol. 4",10,6rPIo2tVEJm8pzkePvRbTe,Ras Rachaiya,spotify:track:6rPIo2tVEJm8pzkePvRbTe,0.761,0.677,0.601,0.0,0.257,-8.254,0.048,90.07,0.894,4
58,"Le Baba Ka Naam Amrit Barsega, Vol. 5",1,3dLp9706IRoXly1KUDhaZ4,Mare Man Ne Bhayo,spotify:track:3dLp9706IRoXly1KUDhaZ4,0.702,0.739,0.661,0.000195,0.379,-8.473,0.0446,135.987,0.962,2
59,"Le Baba Ka Naam Amrit Barsega, Vol. 5",2,2xbOK4WgKOFOXdiQ2ojtEW,Puri Ho Jyasi,spotify:track:2xbOK4WgKOFOXdiQ2ojtEW,0.667,0.831,0.696,0.0,0.0639,-8.228,0.04,114.022,0.967,2
60,"Le Baba Ka Naam Amrit Barsega, Vol. 5",3,0bjgCkHotHp4uZcN2M7cLS,Shri Shyam,spotify:track:0bjgCkHotHp4uZcN2M7cLS,0.489,0.716,0.685,0.0,0.102,-8.022,0.04,80.013,0.961,2
61,"Le Baba Ka Naam Amrit Barsega, Vol. 5",4,47isDilUtYsZ95dpr6pwzs,Baba Shyam Ke Darbar,spotify:track:47isDilUtYsZ95dpr6pwzs,0.521,0.647,0.701,0.0,0.247,-8.206,0.0728,171.922,0.957,2
62,"Le Baba Ka Naam Amrit Barsega, Vol. 5",5,5taazW1WGTL1oY4G4114jT,Meri Apki Daya Se,spotify:track:5taazW1WGTL1oY4G4114jT,0.678,0.623,0.845,6.03e-05,0.47,-5.04,0.0456,106.039,0.803,1
63,"Le Baba Ka Naam Amrit Barsega, Vol. 5",6,3bXqTDpmQqxrZPHEhKIzbF,Aap Kya Jano,spotify:track:3bXqTDpmQqxrZPHEhKIzbF,0.47,0.59,0.79,1.05e-06,0.0832,-5.957,0.0887,89.974,0.802,1
64,"Le Baba Ka Naam Amrit Barsega, Vol. 5",7,10qxhdXhjFySdCDse9XtCM,Sode Mukhde Da,spotify:track:10qxhdXhjFySdCDse9XtCM,0.586,0.684,0.903,2.73e-05,0.369,-5.38,0.0397,100.035,0.737,1
65,"Le Baba Ka Naam Amrit Barsega, Vol. 5",8,5CpRLQF05atuXLLNLJV5SN,Rooth Na Jaavi Mohan Mere,spotify:track:5CpRLQF05atuXLLNLJV5SN,0.171,0.515,0.789,0.000916,0.209,-6.937,0.0442,136.054,0.675,1
66,"Le Baba Ka Naam Amrit Barsega, Vol. 5",9,3zhl68HnGpmI5xaUyveg3b,Tamanna Phir Machal Jaye,spotify:track:3zhl68HnGpmI5xaUyveg3b,0.721,0.563,0.66,7.95e-06,0.287,-6.746,0.0262,97.969,0.879,1
67,"Le Baba Ka Naam Amrit Barsega, Vol. 5",10,6CpaKq3jS4KhGeXQ5zgkMS,Jadugar Shyam Mere,spotify:track:6CpaKq3jS4KhGeXQ5zgkMS,0.524,0.541,0.874,6.12e-06,0.176,-4.953,0.0707,80.07,0.87,1
68,Shirdi Ke Sarkar,1,50pgfbYhZGR5zEKfSkLHpH,Sai Piya Bulaye Chalo Shirdi Chale,spotify:track:50pgfbYhZGR5zEKfSkLHpH,0.486,0.672,0.916,2.4e-06,0.206,-1.685,0.187,89.99,0.78,1
69,Shirdi Ke Sarkar,2,5q3voUnA4jCdx6fYrklLMb,Shirdi Ke Sarkaar,spotify:track:5q3voUnA4jCdx6fYrklLMb,0.428,0.682,0.942,2.74e-06,0.752,-2.186,0.0666,100.018,0.796,0
70,Shirdi Ke Sarkar,3,0QEegtRgFL6sJgViOk5jYl,Teri Panah Mein Aaya Mujhe Panah To De,spotify:track:0QEegtRgFL6sJgViOk5jYl,0.602,0.603,0.787,0.0,0.0937,-2.222,0.0397,100.077,0.738,1
71,Shirdi Ke Sarkar,4,4DldqldQL2VCClOi35VT3P,Sai - Sai Bol,spotify:track:4DldqldQL2VCClOi35VT3P,0.492,0.569,0.684,0.0,0.11,-3.986,0.0378,140.095,0.462,0
72,Shirdi Ke Sarkar,5,6mdmCuZsYdgInxf1ccagXl,Dil Se Jo Nikli Sada,spotify:track:6mdmCuZsYdgInxf1ccagXl,0.559,0.52,0.768,0.0,0.0737,-3.833,0.0646,79.459,0.743,0
73,Shiv Ki Nagariya Shiv Ke Dhaam,1,6YKfYETDmW8WZZLJ8KEFgZ,Shiv Ki Nagariya Shiv Ke Dhaam,spotify:track:6YKfYETDmW8WZZLJ8KEFgZ,0.203,0.596,0.943,0.0,0.11,-4.098,0.0686,135.035,0.817,0
74,Shiv Ki Nagariya Shiv Ke Dhaam,2,33NPNzoHysRIwS5JBNCZhs,Jai Ho Shiv Bhola Bhandhari,spotify:track:33NPNzoHysRIwS5JBNCZhs,0.536,0.477,0.876,0.0,0.336,-4.151,0.245,181.976,0.785,0
75,Shiv Ki Nagariya Shiv Ke Dhaam,3,5rwvPWlFeYEJZ5oM6tAvyG,Ghat Ghat Ke Vasi Hain,spotify:track:5rwvPWlFeYEJZ5oM6tAvyG,0.513,0.571,0.798,0.0,0.0532,-4.256,0.0696,183.999,0.923,0
76,Shiv Ki Nagariya Shiv Ke Dhaam,4,1PxgOFUUmsbb3kwmK8aD3f,Hey Bholenath Hey Deenanaath,spotify:track:1PxgOFUUmsbb3kwmK8aD3f,0.603,0.448,0.763,0.0,0.307,-5.14,0.0476,73.178,0.793,0
77,Shiv Ki Nagariya Shiv Ke Dhaam,5,4AkIBXSr9i4i8nhAmRHNzj,Bhesh Anokha Shiv Bhole Ka,spotify:track:4AkIBXSr9i4i8nhAmRHNzj,0.489,0.578,0.972,0.0,0.448,-4.263,0.16,139.937,0.494,0
78,Shiv Ki Nagariya Shiv Ke Dhaam,6,7EpXGzHI9gFzrLB7pzdo9A,Jai Ho Baba Amarnath,spotify:track:7EpXGzHI9gFzrLB7pzdo9A,0.548,0.652,0.924,1.88e-06,0.052,-4.282,0.087,113.014,0.826,0
79,Shiv Ki Nagariya Shiv Ke Dhaam,7,50qaPwoYORudwhki4z97kh,Dulha Dulha Sunte Rahle,spotify:track:50qaPwoYORudwhki4z97kh,0.306,0.618,0.981,0.0,0.0911,-3.687,0.219,155.014,0.866,0
80,Shiv Ki Nagariya Shiv Ke Dhaam,8,6R2evotcJ4roLg7R7auww9,Khola Kewadiya Hey Bhola,spotify:track:6R2evotcJ4roLg7R7auww9,0.507,0.561,0.976,0.0,0.625,-4.177,0.234,82.885,0.603,0
81,Shiv Ki Nagariya Shiv Ke Dhaam,9,2evlyaq2Ah5VhB9LOjABGS,Ghat Ghat Ke Vasi Hain Remix,spotify:track:2evlyaq2Ah5VhB9LOjABGS,0.0382,0.673,0.936,5.48e-06,0.127,-3.88,0.0702,155.002,0.695,0
82,Shiv Ki Nagariya Shiv Ke Dhaam,10,6CwiQAWPaukQhemZrqcHoB,Mela Laga Hai Ambe Ki Duariya,spotify:track:6CwiQAWPaukQhemZrqcHoB,0.61,0.526,0.915,0.0,0.294,-3.192,0.113,77.792,0.753,0
83,Shiv Ki Nagariya Shiv Ke Dhaam,11,0uPKdEdnosRi4DgozagcxU,Bhwnawali Ma Ka Bhawan Nirala,spotify:track:0uPKdEdnosRi4DgozagcxU,0.406,0.704,0.964,0.0,0.563,-3.979,0.0937,139.978,0.665,0
84,Bhagat Dar Chale Chale,1,6OGbmsTofDiUPvYtxT4ujP,Aaye Ji Aaye Navrate,spotify:track:6OGbmsTofDiUPvYtxT4ujP,0.729,0.739,0.918,0.0,0.266,-4.318,0.0561,109.929,0.939,1
85,Bhagat Dar Chale Chale,2,2KaCQ9wZtMaCOxqiVyjbxi,Oonche Se Ooncha,spotify:track:2KaCQ9wZtMaCOxqiVyjbxi,0.624,0.531,0.937,2.8e-05,0.362,-5.021,0.0914,194.855,0.799,1
86,Bhagat Dar Chale Chale,3,0KWNQNyZNVELTtpYtkWRqn,Mela Mela,spotify:track:0KWNQNyZNVELTtpYtkWRqn,0.626,0.775,0.917,1.42e-06,0.691,-3.699,0.0502,113.986,0.949,1
87,Bhagat Dar Chale Chale,4,4fC0yP5bs1mBYRVIomMZXh,Punya Sadiyo,spotify:track:4fC0yP5bs1mBYRVIomMZXh,0.773,0.653,0.641,0.000236,0.285,-6.917,0.0271,95.017,0.712,0
88,Bhagat Dar Chale Chale,5,1O021PMBWhOdjmNWIQMhJg,Baithi Maa Baithi,spotify:track:1O021PMBWhOdjmNWIQMhJg,0.665,0.68,0.88,0.0,0.138,-5.368,0.049,149.977,0.938,0
89,Bhagat Dar Chale Chale,6,7CHSPKJMV7nkDEsUYmGSgB,Bhagat Dar Chale Chale,spotify:track:7CHSPKJMV7nkDEsUYmGSgB,0.754,0.761,0.932,0.0,0.519,-3.642,0.0849,106.02,0.851,1
91,Bhagat Dar Chale Chale,8,5BmkK2b6ks6DfpBzJrIuaF,Kaali Mahakaali,spotify:track:5BmkK2b6ks6DfpBzJrIuaF,0.624,0.787,0.952,0.000147,0.134,-3.676,0.0656,109.995,0.825,1
92,Maa Tujhko Naman,1,0Q7QfjwtRoxOJO9rFklIOV,Aaj Tera Jagrata Mata,spotify:track:0Q7QfjwtRoxOJO9rFklIOV,0.47,0.713,0.891,0.0,0.195,-3.032,0.0641,109.971,0.803,5
93,Maa Tujhko Naman,2,0jj0vtxkXdVt5bHUkIdqHj,O Maiyya Baithi Hai Bhandare,spotify:track:0jj0vtxkXdVt5bHUkIdqHj,0.604,0.706,0.974,0.0,0.077,-1.588,0.112,124.966,0.699,1
94,Maa Tujhko Naman,3,7J0Rqb2pEVblB1IfLZXykm,Saari Duiya Kare,spotify:track:7J0Rqb2pEVblB1IfLZXykm,0.572,0.386,0.87,0.0,0.403,-3.118,0.0797,164.631,0.913,3
95,Maa Tujhko Naman,4,47MU5BLYDFv9j8dUBZBbDG,Main Jaungi Karoli,spotify:track:47MU5BLYDFv9j8dUBZBbDG,0.453,0.678,0.914,0.0,0.236,-2.019,0.0548,117.915,0.851,0
96,Maa Tujhko Naman,5,5UnOQXkWkjThx6QxgXODbH,Nav Durge Teri Aarti - Aarti,spotify:track:5UnOQXkWkjThx6QxgXODbH,0.333,0.694,0.952,0.0,0.145,-2.783,0.0656,98.016,0.463,1
97,Chunadi,1,7ttocumi5sAhT0qQ0vdkED,Languriya,spotify:track:7ttocumi5sAhT0qQ0vdkED,0.599,0.777,0.884,0.0,0.211,-2.24,0.186,116.003,0.928,3
98,Chunadi,2,1LR0T6NfXyeIz6S4XyWeqs,Tharo Ke Vichar Hai,spotify:track:1LR0T6NfXyeIz6S4XyWeqs,0.647,0.795,0.839,0.0,0.409,-4.834,0.0636,116.018,0.96,1
99,Chunadi,3,5jds5B7eFP0ZdpM3aiSWrs,Ye Mata Chintapurni Hai,spotify:track:5jds5B7eFP0ZdpM3aiSWrs,0.528,0.785,0.812,0.0,0.0725,-4.224,0.0406,109.923,0.962,1
100,Chunadi,4,1bVM8icLBHQqVCrzxsEEIf,Dekhne Tere Dar Ka Kamaal Aaye Hain,spotify:track:1bVM8icLBHQqVCrzxsEEIf,0.648,0.573,0.859,0.0,0.409,-2.566,0.101,156.002,0.819,2
101,Chunadi,5,0pr3O2yViNapovO8b10QKe,Aaja Aaja Maa,spotify:track:0pr3O2yViNapovO8b10QKe,0.66,0.72,0.825,0.0,0.0571,-4.425,0.152,112.043,0.922,1
102,Chunadi,6,0hYNUy2hkAUCEleOWlXlYw,Aa Meri Maa,spotify:track:0hYNUy2hkAUCEleOWlXlYw,0.693,0.582,0.858,0.000129,0.178,-3.609,0.108,182.821,0.956,1
103,Chaliye Shyam Ke Dware,1,4FstGEGkj7i2llshPCFDeP,Mhane Shyam Dhani,spotify:track:4FstGEGkj7i2llshPCFDeP,0.394,0.818,0.78,0.0,0.0531,-4.936,0.0621,97.022,0.952,2
104,Chaliye Shyam Ke Dware,2,1g20DZRN5l1nPvSqBKpx8Q,Intzaam Kar Diya,spotify:track:1g20DZRN5l1nPvSqBKpx8Q,0.575,0.781,0.669,0.0,0.137,-6.04,0.0783,90.026,0.912,2
105,Chaliye Shyam Ke Dware,3,4xuClhzgD3zk4JVrWMBXqA,Hatt Pachhe Ne,spotify:track:4xuClhzgD3zk4JVrWMBXqA,0.585,0.836,0.803,0.0,0.189,-5.183,0.0757,129.918,0.96,1
106,Chaliye Shyam Ke Dware,4,53W6o5QpxGPUtIfUzq9nbO,Haryane Ka Jatt,spotify:track:53W6o5QpxGPUtIfUzq9nbO,0.579,0.655,0.908,0.0,0.333,-4.801,0.183,161.966,0.941,1
107,Chaliye Shyam Ke Dware,5,2PB9Sln804sOYhbak2A5Ze,Haath Pakad Liyo,spotify:track:2PB9Sln804sOYhbak2A5Ze,0.72,0.761,0.779,0.0,0.0832,-6.272,0.0662,115.872,0.905,2
108,Meri Maa Ne Mujhko Bulaya,1,4c0QwmUUwsT7WEQEAgB77m,Meri Maa Ne Mujhko Bulaya,spotify:track:4c0QwmUUwsT7WEQEAgB77m,0.553,0.576,0.842,0.0,0.34,-5.761,0.22,174.043,0.847,3
109,Meri Maa Ne Mujhko Bulaya,2,7AmhjbP8snpq1aFGd0yBur,Mor Bole Tota Bole,spotify:track:7AmhjbP8snpq1aFGd0yBur,0.569,0.781,0.98,0.000183,0.205,-6.246,0.198,145.027,0.717,3
110,Meri Maa Ne Mujhko Bulaya,3,5dMF0Tff3vfMVsmVMddALC,Itni Khushiyaan Maa Ne Di,spotify:track:5dMF0Tff3vfMVsmVMddALC,0.714,0.722,0.682,0.00052,0.167,-9.387,0.0406,159.001,0.91,1
111,Meri Maa Ne Mujhko Bulaya,4,39Pe33sJ6xxs2tBFy9QTU9,Shaam Savere Maiya Teri,spotify:track:39Pe33sJ6xxs2tBFy9QTU9,0.447,0.808,0.903,3.14e-05,0.408,-5.416,0.0866,108.016,0.954,9
112,Meri Maa Ne Mujhko Bulaya,5,2mgsko0AVaQ4hfACPZtw8v,Aaunga Maa,spotify:track:2mgsko0AVaQ4hfACPZtw8v,0.687,0.712,0.746,0.000124,0.14,-6.776,0.0508,77.05,0.828,1
113,Meri Maa Ne Mujhko Bulaya,6,65pDQwkIwvMA3AD5BuVSiU,Tujhpe Maiya Main Vaari Vaari Jaun,spotify:track:65pDQwkIwvMA3AD5BuVSiU,0.752,0.613,0.751,0.004,0.183,-7.2,0.0987,109.895,0.942,1
114,Meri Maa Ne Mujhko Bulaya,7,0weuDO8fP2hvjD4Ppl2CTi,Jungle Ke Raja,spotify:track:0weuDO8fP2hvjD4Ppl2CTi,0.633,0.756,0.84,1.3e-05,0.16,-7.687,0.168,136.006,0.791,3
115,Meri Maa Ne Mujhko Bulaya,8,0Q2tOCSMLOKRtr7W4CMkY2,Naachun Chhama Chham,spotify:track:0Q2tOCSMLOKRtr7W4CMkY2,0.264,0.819,0.875,3.61e-06,0.105,-6.72,0.144,119.958,0.874,3
116,Veeron Mein Veer Bajrangbali,1,4Vk88IeCUzkUPFzXMICDqd,Veeron Mein Veer,spotify:track:4Vk88IeCUzkUPFzXMICDqd,0.667,0.763,0.727,0.0,0.0831,-6.59,0.0403,102.031,0.831,4
117,Veeron Mein Veer Bajrangbali,2,5XMBK2PZIxAVvaxxhRnOkm,Koi Karo Tarkeeb,spotify:track:5XMBK2PZIxAVvaxxhRnOkm,0.487,0.739,0.723,0.0,0.13,-6.59,0.0335,105.978,0.874,2
118,Veeron Mein Veer Bajrangbali,3,30OoEOuKANFg65TcRLCDF6,Nagada Bajaa,spotify:track:30OoEOuKANFg65TcRLCDF6,0.616,0.704,0.805,9.33e-05,0.0861,-6.702,0.135,135.738,0.724,2
119,Veeron Mein Veer Bajrangbali,4,4vBkP3sBCilLukkwkcqQ8l,Bajrang Bala Salasar Wala,spotify:track:4vBkP3sBCilLukkwkcqQ8l,0.74,0.707,0.582,0.0,0.143,-8.606,0.0316,96.008,0.753,1
120,Veeron Mein Veer Bajrangbali,5,4Ad1Jwk9mX8rrjdJGJ4lJv,Chaalo Salasar,spotify:track:4Ad1Jwk9mX8rrjdJGJ4lJv,0.467,0.733,0.673,0.0,0.331,-7.254,0.0319,102.022,0.921,1
121,Veeron Mein Veer Bajrangbali,6,59JKVuoDO915aUSAYA9jG3,Jeemo Jeemo Salasar Hanuman,spotify:track:59JKVuoDO915aUSAYA9jG3,0.626,0.726,0.685,1.63e-06,0.309,-6.676,0.034,99.986,0.892,2
122,Veeron Mein Veer Bajrangbali,7,2bJ5nYhSPolZXop3AjTAK2,Udd Udd Chale,spotify:track:2bJ5nYhSPolZXop3AjTAK2,0.722,0.503,0.703,0.0,0.125,-6.44,0.073,129.964,0.808,3
123,Jai Maa Jai Maa Kahiye,1,2M3oI257idc162HR7vXAlE,Jai Maa Jai Maa Kahiye,spotify:track:2M3oI257idc162HR7vXAlE,0.536,0.594,0.732,0.0,0.324,-6.726,0.0556,173.925,0.926,2
124,Jai Maa Jai Maa Kahiye,2,4qQuybvqLDUthtoUVQDDQB,Changa Lagda Maai Ka Chola,spotify:track:4qQuybvqLDUthtoUVQDDQB,0.637,0.592,0.778,0.0,0.356,-6.344,0.0739,171.117,0.963,1
125,Jai Maa Jai Maa Kahiye,3,01vk8A1q8BB3JJhNmZ2qSR,Haath Jorh Ke Sangta Ne Khadiyan,spotify:track:01vk8A1q8BB3JJhNmZ2qSR,0.58,0.651,0.747,0.0,0.0561,-6.356,0.0863,150.915,0.908,1
126,Jai Maa Jai Maa Kahiye,4,46Cpa8kRLL9uDHHaX3DVgF,Aas Bachcheyan Di Poori Kar,spotify:track:46Cpa8kRLL9uDHHaX3DVgF,0.443,0.62,0.789,0.0,0.0765,-5.762,0.0554,165.841,0.934,0
127,Jai Maa Jai Maa Kahiye,5,36i4BJOIfVICBP7aPKbX4W,Chal Bhagtan Chal Bhagtan Chaliye,spotify:track:36i4BJOIfVICBP7aPKbX4W,0.381,0.719,0.866,0.0,0.0521,-6.03,0.0506,129.955,0.904,0
128,Jai Maa Jai Maa Kahiye,6,7kVoD3NpB53UGIpEMJ7ddP,Aaja Ni Maaye Phera Pa Ja,spotify:track:7kVoD3NpB53UGIpEMJ7ddP,0.479,0.623,0.788,0.0,0.173,-6.301,0.0705,169.935,0.812,2
129,Jai Maa Jai Maa Kahiye,7,2bFik6MXcbgQXW6TYBc0Wc,Navin Gaddi Chali,spotify:track:2bFik6MXcbgQXW6TYBc0Wc,0.447,0.685,0.803,0.0,0.111,-6.741,0.0935,124.952,0.929,1
130,Jai Maa Jai Maa Kahiye,8,0NLBUcNMw7NwhgMfgar9KH,Charh Ja Charhaeeyan,spotify:track:0NLBUcNMw7NwhgMfgar9KH,0.487,0.736,0.921,0.0,0.2,-6.981,0.0615,129.937,0.772,2
131,Parvat Pe Ik Gufa Suhani,1,7JXRAs0hmfVopoxtjTf8Pa,Parvat Pe Ik Gufa Suhani,spotify:track:7JXRAs0hmfVopoxtjTf8Pa,0.626,0.586,0.709,0.0,0.153,-5.586,0.0368,78.989,0.653,3
132,Parvat Pe Ik Gufa Suhani,2,05t8j1XhpnW3WDiSBOsl4P,Maa Jaisa Koi Nahin,spotify:track:05t8j1XhpnW3WDiSBOsl4P,0.7,0.631,0.787,0.0,0.0727,-5.443,0.1,165.016,0.936,6
133,Parvat Pe Ik Gufa Suhani,3,1jJRtZdwRvJh9y1DnWKWCp,Maiya Rani Ke Darbar Mein,spotify:track:1jJRtZdwRvJh9y1DnWKWCp,0.659,0.699,0.736,0.0,0.062,-4.61,0.0439,107.945,0.737,5
134,Parvat Pe Ik Gufa Suhani,4,4iADO4RmSM6fSu9y3AoUSC,Hey Maa Jagdambey Thari Chunri Re,spotify:track:4iADO4RmSM6fSu9y3AoUSC,0.635,0.632,0.682,0.0,0.225,-5.679,0.0795,172.521,0.797,1
135,Parvat Pe Ik Gufa Suhani,5,41Oq2CxAVYZY8SIANxzqOn,Nirdai Sansaar Kuchh Soch Kuchh Vichaar,spotify:track:41Oq2CxAVYZY8SIANxzqOn,0.625,0.624,0.6,8.62e-06,0.112,-6.672,0.036,87.002,0.758,1
136,Parvat Pe Ik Gufa Suhani,6,7auaP9QMB59tMkdLMfg86K,Maiyaji Tab Tum Aa Jana,spotify:track:7auaP9QMB59tMkdLMfg86K,0.653,0.723,0.705,0.0,0.0714,-5.782,0.045,112.991,0.815,2
137,Parvat Pe Ik Gufa Suhani,7,5WMaRjLSjDUznM6Ni4rFR1,Maiya Ka Deedaar Karke,spotify:track:5WMaRjLSjDUznM6Ni4rFR1,0.707,0.617,0.572,0.0,0.132,-7.598,0.038,172.44,0.711,0
138,Parvat Pe Ik Gufa Suhani,8,13H4RaS5fXonQ1xwBMMSIe,Maiya Ka Dwar Mil Gaya,spotify:track:13H4RaS5fXonQ1xwBMMSIe,0.572,0.538,0.732,0.0,0.422,-5.511,0.0464,89.829,0.788,0
139,Sundar Saja Hai Dwara,1,4cVeTmUlrDwGvhjP7NmUa1,Sundar Saja Hai Dwara,spotify:track:4cVeTmUlrDwGvhjP7NmUa1,0.53,0.708,0.946,1.54e-05,0.153,-3.675,0.0918,104.022,0.946,3
140,Sundar Saja Hai Dwara,2,2PBZ2eyYhPmsBfj7YBFEiE,Jai Ho Teri Mahamaai,spotify:track:2PBZ2eyYhPmsBfj7YBFEiE,0.602,0.758,0.893,0.0,0.0733,-3.6,0.097,107.991,0.934,2
141,Sundar Saja Hai Dwara,3,1AgXf4iP6royFfo09qjmlU,Maa Ki Chunari Lal Lal,spotify:track:1AgXf4iP6royFfo09qjmlU,0.5,0.746,0.9,0.0,0.213,-3.359,0.0529,116.005,0.964,4
142,Sundar Saja Hai Dwara,4,5CdQDASuWOFTleUrmAHLSC,Chunariya Chunariya,spotify:track:5CdQDASuWOFTleUrmAHLSC,0.609,0.626,0.871,0.0,0.117,-4.938,0.0481,93.74,0.963,0
143,Sundar Saja Hai Dwara,5,3H3p1k4P9T9g59PUZfP8Dw,Jaane Wale,spotify:track:3H3p1k4P9T9g59PUZfP8Dw,0.506,0.718,0.783,5.79e-05,0.154,-5.576,0.0408,102.989,0.801,1
144,Sundar Saja Hai Dwara,6,3S8sWK6y9xRz604BHbvRU3,Dooja Koi Dwar Na Dikhe,spotify:track:3S8sWK6y9xRz604BHbvRU3,0.68,0.599,0.887,4.27e-06,0.482,-3.245,0.053,94.981,0.863,19
145,Sundar Saja Hai Dwara,7,621DIIzoSFX3Sv5hj0vWRN,Raksha Karo,spotify:track:621DIIzoSFX3Sv5hj0vWRN,0.51,0.673,0.838,0.0,0.178,-4.503,0.0603,103.895,0.689,3
146,Sundar Saja Hai Dwara,8,43KEtijbLNUoeyPMWFVVgV,Jaagran Ki Raat,spotify:track:43KEtijbLNUoeyPMWFVVgV,0.568,0.613,0.912,0.0,0.0632,-3.673,0.0698,109.769,0.934,2
147,Bholenath Dear,1,7iLAiYD7uw1Q8sFQMat2uw,Aayi Shivratri,spotify:track:7iLAiYD7uw1Q8sFQMat2uw,0.581,0.73,0.731,0.0,0.404,-7.432,0.103,110.006,0.893,1
148,Bholenath Dear,2,43ZkFtR3TzCKv92PYzx9dc,Tumhara Kya Kehna,spotify:track:43ZkFtR3TzCKv92PYzx9dc,0.582,0.738,0.798,0.0,0.128,-6.717,0.0867,102.978,0.847,16
149,Bholenath Dear,3,1XVo3UYmz8yIBUqTKuIEKQ,Khush Honge Bhoot Nath,spotify:track:1XVo3UYmz8yIBUqTKuIEKQ,0.352,0.749,0.821,0.0,0.14,-7.945,0.197,140.032,0.814,5
150,Bholenath Dear,4,6UUlesrbXHpGbVFTi9eENg,Bhole Baba Hamare Milenge,spotify:track:6UUlesrbXHpGbVFTi9eENg,0.427,0.587,0.678,0.0,0.168,-7.075,0.0541,98.13,0.772,6
151,Bholenath Dear,5,3WWE7hkJG55t6eRZ4pLhuJ,Seekho Seekh Sikhata,spotify:track:3WWE7hkJG55t6eRZ4pLhuJ,0.555,0.737,0.793,0.0,0.275,-7.316,0.0584,102.054,0.868,2
152,Bholenath Dear,6,1k3c8ekEqZYXyBXGfZlAzW,Bholenath Dear,spotify:track:1k3c8ekEqZYXyBXGfZlAzW,0.578,0.735,0.724,0.0,0.347,-7.039,0.0416,125.957,0.938,3
153,Aaja Mor Utte Charhke,1,1ygbwGyG7a3RQMndAciQAy,Aaja Mor Utte Chadke,spotify:track:1ygbwGyG7a3RQMndAciQAy,0.526,0.823,0.718,0.0,0.0811,-7.329,0.0381,103.999,0.953,1
154,Aaja Mor Utte Charhke,2,5QGa6vMACjKNv1gHj3wIxr,Jai Hovai Jai Hovai,spotify:track:5QGa6vMACjKNv1gHj3wIxr,0.603,0.709,0.683,0.0,0.0624,-8.121,0.104,103.055,0.84,1
155,Aaja Mor Utte Charhke,3,4ZQ6juRJiU87j3rk04frR3,Dhann Dhann Dharti Shahatlaai,spotify:track:4ZQ6juRJiU87j3rk04frR3,0.298,0.831,0.648,0.0,0.32,-6.563,0.0628,118.062,0.964,0
156,Aaja Mor Utte Charhke,4,7u5juwtyxQcvLACHtHsdk1,Sun Baba Dhune Waale,spotify:track:7u5juwtyxQcvLACHtHsdk1,0.594,0.718,0.759,0.0,0.115,-6.192,0.186,146.934,0.945,0
157,Aaja Mor Utte Charhke,5,6He4vn6Gt6ISOwQg1I2INW,Teriyan Dhumma Baba,spotify:track:6He4vn6Gt6ISOwQg1I2INW,0.252,0.758,0.713,0.0,0.141,-7.547,0.107,143.978,0.95,1
158,Aaja Mor Utte Charhke,6,5esBfsAkWvjHJfXI9wQZhv,Aaya Ji Aaya,spotify:track:5esBfsAkWvjHJfXI9wQZhv,0.521,0.827,0.725,0.0,0.101,-8.018,0.0411,99.999,0.961,1
159,Aaja Mor Utte Charhke,7,1Dej8rThe7hS11hH3V9bDo,Phera Bachcheyan Garib Wal Paa,spotify:track:1Dej8rThe7hS11hH3V9bDo,0.706,0.76,0.471,0.0,0.0983,-8.317,0.0514,147.99,0.813,1
160,Aaja Mor Utte Charhke,8,4NJaH3CCjRc7XdxUOVCbN4,Baba Balaknath Hum Hain Tere Pujari,spotify:track:4NJaH3CCjRc7XdxUOVCbN4,0.723,0.689,0.822,0.0,0.258,-6.522,0.154,186.048,0.971,2
