,album,track_number,id,name,uri,acousticness,danceability,energy,instrumentalness,liveness,loudness,speechiness,tempo,valence,popularity
0,Mahasindhur Opar Hote,1,0SDUVEqkmhcaXrbVgGPf2x,Oi Mahasindhur Opaar Hote,spotify:track:0SDUVEqkmhcaXrbVgGPf2x,0.994,0.51,0.192,0.0247,0.416,-14.827,0.0319,86.152,0.401,0
1,Mahasindhur Opar Hote,2,5Lj3jwv9wXbQvC4AQU3TaV,Ghana Dambaru Baaje - Megh,spotify:track:5Lj3jwv9wXbQvC4AQU3TaV,0.982,0.375,0.311,0.952,0.204,-16.495,0.0696,101.396,0.565,0
2,Mahasindhur Opar Hote,3,4C8Au3qWEFW2cosbFRrChB,Aaj Abelay Kalshi Niye,spotify:track:4C8Au3qWEFW2cosbFRrChB,0.993,0.234,0.075,0.94,0.116,-22.806,0.0505,68.066,0.318,0
3,Mahasindhur Opar Hote,4,6ObE9PFgxVfxLps7wXhHB1,Bhalobeshe Kende Mori,spotify:track:6ObE9PFgxVfxLps7wXhHB1,0.995,0.32,0.0348,0.964,0.254,-23.758,0.0473,64.427,0.385,0
4,Mahasindhur Opar Hote,5,7AckOqccCmQpreUC3D58Fp,Nayan Thakite Nayane Elona,spotify:track:7AckOqccCmQpreUC3D58Fp,0.986,0.259,0.0637,0.963,0.135,-24.216,0.0399,81.666,0.163,0
5,Mahasindhur Opar Hote,6,0Do7gCi00OZJpEB6SGyt4c,Kato Sab Prane Bare Bare (Bhoirabi),spotify:track:0Do7gCi00OZJpEB6SGyt4c,0.993,0.386,0.0722,0.927,0.0967,-21.782,0.0448,65.902,0.659,0
6,Mahasindhur Opar Hote,7,2qsDQZC4jBBIJLewi3wVyb,Sakhi Loke Bale Kalo,spotify:track:2qsDQZC4jBBIJLewi3wVyb,0.992,0.42,0.175,0.924,0.165,-21.566,0.0672,148.124,0.239,0
7,Mahasindhur Opar Hote,8,1Bgk9afj7otDJmQHVUKoan,Joy Sitapati Sundar Tanu (Sita),spotify:track:1Bgk9afj7otDJmQHVUKoan,0.996,0.281,0.113,0.938,0.143,-22.752,0.0518,169.6,0.438,0
8,Mahasindhur Opar Hote,9,2LINZfhTefytbMTjH4yqkU,Nechechho Prolay Nache,spotify:track:2LINZfhTefytbMTjH4yqkU,0.989,0.609,0.131,0.275,0.159,-19.054,0.0618,116.158,0.108,0
9,Mahasindhur Opar Hote,10,4iXqHDJmL0xl99oerdOxqH,Swapan Jodi Madhur Emon (Jagiyo Na Amay Jagiyo Na),spotify:track:4iXqHDJmL0xl99oerdOxqH,0.995,0.267,0.0356,0.883,0.133,-26.212,0.0393,69.523,0.296,0
10,Mahasindhur Opar Hote,11,38cTCKXDGfTYVC2dFSM04y,Andharer Dambaru Tale,spotify:track:38cTCKXDGfTYVC2dFSM04y,0.98,0.478,0.182,0.895,0.112,-19.802,0.0547,123.693,0.368,0
11,Mahasindhur Opar Hote,12,34AEJWjFnamrslFspcZHcF,Bajlo Amar Shyamer Banshi,spotify:track:34AEJWjFnamrslFspcZHcF,0.99,0.235,0.0451,0.923,0.0992,-24.347,0.0382,73.316,0.405,0
12,Mahasindhur Opar Hote,13,7ttAiupYZLEarLXxbIKVvd,Megh Heri Neel Gagane - Nat Malhar,spotify:track:7ttAiupYZLEarLXxbIKVvd,0.985,0.414,0.34,0.961,0.147,-14.414,0.0622,68.623,0.497,0
31,Badalti Duniya,7,3XDZLj7C3gaTNmbhopyNqj,Mera Tan Nache - Mumtaz Shanti,spotify:track:3XDZLj7C3gaTNmbhopyNqj,0.989,0.576,0.236,0.0378,0.114,-8.965,0.219,62.4,0.911,0
34,Badalti Duniya (Original Motion Picture Soundtrack),1,2b0PZAtArJTNYQIJnM3487,Aao Sajan Aa Jao Tum,spotify:track:2b0PZAtArJTNYQIJnM3487,0.994,0.679,0.152,0.327,0.136,-9.685,0.106,136.891,0.871,0
35,Badalti Duniya (Original Motion Picture Soundtrack),2,0rfPR4LzIzuJxmaj23mdGG,Bol Bol Tu Bol,spotify:track:0rfPR4LzIzuJxmaj23mdGG,0.995,0.606,0.0547,0.847,0.137,-18.975,0.139,69.582,0.724,0
36,Badalti Duniya (Original Motion Picture Soundtrack),3,2h1KMt63MJAnaevQ525GlY,Haar Na Jana,spotify:track:2h1KMt63MJAnaevQ525GlY,0.993,0.591,0.0846,0.828,0.0844,-18.322,0.0533,69.919,0.328,0
37,Badalti Duniya (Original Motion Picture Soundtrack),4,0eLWgVrr9u0uvD3yHAT90M,Is Badalti Duniya Mein,spotify:track:0eLWgVrr9u0uvD3yHAT90M,0.995,0.465,0.0673,0.915,0.117,-18.826,0.0968,69.817,0.622,0
38,Badalti Duniya (Original Motion Picture Soundtrack),5,70SB3Fx1tljbsHfWLdEBO2,Kab Tak Rahenge Qaid Hum,spotify:track:70SB3Fx1tljbsHfWLdEBO2,0.995,0.702,0.212,0.703,0.15,-9.093,0.275,68.67,0.507,0
39,Badalti Duniya (Original Motion Picture Soundtrack),6,30riMY8ivtaXgmM5W1daGz,Kaun Dhire Dhire Mere Dil Men,spotify:track:30riMY8ivtaXgmM5W1daGz,0.995,0.468,0.0574,0.0983,0.16,-13.531,0.191,170.822,0.467,0
40,Badalti Duniya (Original Motion Picture Soundtrack),7,4wS8e1EGJ1Jo1Ujkn4APtQ,Mera Tan Nache,spotify:track:4wS8e1EGJ1Jo1Ujkn4APtQ,0.989,0.525,0.236,0.0378,0.114,-8.965,0.263,62.312,0.911,0
41,Badalti Duniya (Original Motion Picture Soundtrack),8,6tnLJsCEJ1GoGjH1Zrx2Zs,Tu Aaj Koi Geet Sajan,spotify:track:6tnLJsCEJ1GoGjH1Zrx2Zs,0.995,0.652,0.224,0.301,0.176,-11.902,0.476,68.574,0.641,0
42,Badalti Duniya (Original Motion Picture Soundtrack),9,6v5r3UdaAlGBFtAtmTfo4t,Tu Mujhe Bana Le Rani,spotify:track:6v5r3UdaAlGBFtAtmTfo4t,0.995,0.549,0.186,0.868,0.107,-14.583,0.102,137.595,0.808,0
43,Bengali Devotional Songs,1,2sRoUG3Bg4KjVF2i1Nwzql,Banshuri Na Baje,spotify:track:2sRoUG3Bg4KjVF2i1Nwzql,0.992,0.29,0.153,0.588,0.57,-19.012,0.0586,61.554,0.362,0
44,Bengali Devotional Songs,2,2gxcWveYc2TNnVxqiae0wd,Shatek Baras Parey,spotify:track:2gxcWveYc2TNnVxqiae0wd,0.985,0.564,0.172,0.000156,0.14,-16.337,0.0842,134.869,0.463,0
45,Bengali Devotional Songs,3,6vd02gRETlwqYgQJojPRp7,Swapan Dekhichhe Radharani,spotify:track:6vd02gRETlwqYgQJojPRp7,0.964,0.501,0.201,0.000194,0.104,-17.194,0.0474,140.827,0.425,0
46,Bengali Devotional Songs,4,2fBnv9uRJQHXN4fcEMr3p4,Hiyay Rakhite Se Parasmoni,spotify:track:2fBnv9uRJQHXN4fcEMr3p4,0.983,0.602,0.264,0.0482,0.104,-17.51,0.0699,119.766,0.295,0
47,Bengali Devotional Songs,5,2utOedFVMHWSoFJyesh5rf,Nabadwiper Shobhanchandra,spotify:track:2utOedFVMHWSoFJyesh5rf,0.975,0.385,0.173,0.0,0.123,-16.279,0.0853,77.523,0.264,0
48,Bengali Devotional Songs,6,4OYV3QInz4NwBD3msSwqTm,O Dike Nimai Chale,spotify:track:4OYV3QInz4NwBD3msSwqTm,0.971,0.588,0.265,0.0,0.287,-14.384,0.115,72.342,0.603,0
49,Bengali Devotional Songs,7,2VOJSgUnJr9EjEV3Y63UXQ,Kunja Sajaye Delo,spotify:track:2VOJSgUnJr9EjEV3Y63UXQ,0.951,0.527,0.232,0.00927,0.123,-15.261,0.0635,104.606,0.35,0
50,Bengali Devotional Songs,8,7KGePiwWZSStzaudQWBZRm,Ogo Jamini Tumi Dighal Hoyo,spotify:track:7KGePiwWZSStzaudQWBZRm,0.962,0.538,0.217,4.43e-05,0.096,-15.731,0.169,91.165,0.416,0
51,Bengali Devotional Songs,9,1x1O0OLxPVdVmpbbop1qwE,Sakale Cholili Jamuna Sinane,spotify:track:1x1O0OLxPVdVmpbbop1qwE,0.965,0.413,0.159,1.92e-06,0.103,-16.373,0.0555,77.887,0.356,0
52,Bengali Devotional Songs,10,6AEMwo2v8uL25gQYazsyH1,Radhe Bujhao Amare Keno,spotify:track:6AEMwo2v8uL25gQYazsyH1,0.96,0.534,0.184,0.0,0.107,-15.913,0.0514,111.232,0.413,0
53,Bengali Devotional Songs,11,5TuYIavPSHS6DJHRIOwSiG,Boli Shuno Hey Mathura Raj,spotify:track:5TuYIavPSHS6DJHRIOwSiG,0.924,0.481,0.189,1.08e-05,0.103,-17.142,0.047,94.145,0.351,0
54,Bengali Devotional Songs,12,6IgcLN424mhv402Z5xCuYE,Kurupa Kubja Rani Holo,spotify:track:6IgcLN424mhv402Z5xCuYE,0.931,0.41,0.253,0.0,0.141,-15.488,0.0687,76.814,0.485,0
55,Swapan Jodi Madhur Emon,1,4q8ItIpr9P3BspKvp0SbKX,Ghanatamasabrita Ambar Dharani,spotify:track:4q8ItIpr9P3BspKvp0SbKX,0.987,0.437,0.163,9.64e-05,0.471,-15.373,0.0332,111.198,0.436,0
56,Swapan Jodi Madhur Emon,2,4gb0K5c9xbJ8BHuLIwM0fy,Tumi Go Banhishikha,spotify:track:4gb0K5c9xbJ8BHuLIwM0fy,0.981,0.377,0.168,0.387,0.11,-18.747,0.0895,61.27,0.335,0
57,Swapan Jodi Madhur Emon,3,07GHjnkACLKbeENj6g3a6i,Ghana Ambare Megh Samudra,spotify:track:07GHjnkACLKbeENj6g3a6i,0.992,0.575,0.379,0.207,0.165,-15.105,0.0714,141.09,0.456,0
58,Swapan Jodi Madhur Emon,4,7MXE103FpNSaHx6N0qsezo,Chamake Bijuri,spotify:track:7MXE103FpNSaHx6N0qsezo,0.993,0.32,0.454,0.905,0.289,-17.294,0.347,77.889,0.408,0
59,Swapan Jodi Madhur Emon,5,2U9iBtjSI3RDePJN2wDNeQ,Cheyo Na Biday,spotify:track:2U9iBtjSI3RDePJN2wDNeQ,0.986,0.303,0.207,0.931,0.191,-17.087,0.0524,86.478,0.146,0
60,Swapan Jodi Madhur Emon,6,4zBk0XPEOtpHoeLw0sGHz2,Saghana Banogiri,spotify:track:4zBk0XPEOtpHoeLw0sGHz2,0.986,0.393,0.324,0.129,0.334,-15.895,0.0408,84.443,0.501,0
61,Swapan Jodi Madhur Emon,7,1u9rZsHJmnrMpSI56pCLfJ,Cheyo Na Cheyo Na Phire,spotify:track:1u9rZsHJmnrMpSI56pCLfJ,0.986,0.388,0.159,0.58,0.097,-17.02,0.0609,69.825,0.184,0
62,Swapan Jodi Madhur Emon,8,0YJvtWUBh4FQJOH5LrKO3Y,Champa Bale Achhe Surabhi,spotify:track:0YJvtWUBh4FQJOH5LrKO3Y,0.979,0.511,0.337,0.882,0.223,-15.268,0.104,73.206,0.582,0
63,Swapan Jodi Madhur Emon,9,7nJtKAcesHhYBBnWbBZfOr,Tomar Kajal Ankhi,spotify:track:7nJtKAcesHhYBBnWbBZfOr,0.989,0.43,0.139,0.273,0.127,-18.203,0.0494,70.213,0.333,0
64,Swapan Jodi Madhur Emon,10,6JT8rU83lMDrG906DBP5HJ,Keno Kunthita Ogo Pantha,spotify:track:6JT8rU83lMDrG906DBP5HJ,0.986,0.335,0.0977,0.599,0.111,-19.563,0.0438,127.813,0.304,0
65,Swapan Jodi Madhur Emon,11,1NZbQazz0lZTjUOBCtA93f,Diyo Go Biday,spotify:track:1NZbQazz0lZTjUOBCtA93f,0.989,0.452,0.165,0.923,0.113,-20.616,0.0867,67.168,0.299,0
66,Swapan Jodi Madhur Emon,12,77HUiufJFg6zxgSZoA0HPi,Matal Jemon Mad Piyasi,spotify:track:77HUiufJFg6zxgSZoA0HPi,0.989,0.416,0.204,0.000175,0.103,-12.435,0.0623,81.269,0.33,0
67,Swapan Jodi Madhur Emon,13,3ZeQv1YS0v7IaWLJiWwf3z,Bondhu Charan Dhore Baran Kori,spotify:track:3ZeQv1YS0v7IaWLJiWwf3z,0.992,0.384,0.149,0.749,0.107,-16.175,0.074,169.445,0.391,0
68,Swapan Jodi Madhur Emon,14,7eFlYPC69ftAYyDYqMT888,Antar Mandir Majhe,spotify:track:7eFlYPC69ftAYyDYqMT888,0.982,0.375,0.25,0.363,0.113,-14.207,0.0419,74.764,0.291,0
73,Old Bengali Songs,5,05KAGqxC5jsk1APMyIAJXm,Lakkhi Hara Kadechhe Kara,spotify:track:05KAGqxC5jsk1APMyIAJXm,0.988,0.37,0.258,1.47e-06,0.257,-14.449,0.0351,84.137,0.371,0
74,Old Bengali Songs,6,5FgzSXSmt0zgr4XlyqaGrr,Amar Ei Gaaner Bani,spotify:track:5FgzSXSmt0zgr4XlyqaGrr,0.989,0.281,0.188,1.29e-06,0.674,-15.283,0.0375,80.727,0.437,0
75,Old Bengali Songs,7,1zr46zDJpyxZDuPwTJD1b0,Natun Kare Jal Ase Re,spotify:track:1zr46zDJpyxZDuPwTJD1b0,0.994,0.516,0.198,0.0915,0.137,-15.245,0.0693,66.941,0.533,0
76,Old Bengali Songs,8,2RKEtZNquOoulP3PkY49P4,Laichhana Jayat,spotify:track:2RKEtZNquOoulP3PkY49P4,0.978,0.409,0.125,1.37e-05,0.273,-17.461,0.143,94.259,0.214,0
77,Old Bengali Songs By K.C.Dey,1,3Ujn5ExI3yAtXpUkdEXPR9,Ebar Amay Nao Ma Kole,spotify:track:3Ujn5ExI3yAtXpUkdEXPR9,0.992,0.293,0.0956,0.441,0.142,-17.316,0.0443,73.957,0.267,0
78,Old Bengali Songs By K.C.Dey,2,4X0rnhYyV7n4IjVQScmIPa,Japare Kali Kali Bala,spotify:track:4X0rnhYyV7n4IjVQScmIPa,0.989,0.4,0.16,0.0266,0.344,-18.255,0.0445,98.889,0.26,0
79,Old Bengali Songs By K.C.Dey,3,6HK7xz5dwewx2CghO9WSy8,Basa Hara Mor Aasha,spotify:track:6HK7xz5dwewx2CghO9WSy8,0.985,0.457,0.22,7.53e-05,0.0702,-14.526,0.032,96.341,0.357,0
80,Old Bengali Songs By K.C.Dey,4,4qln9BCiTbkAtWK9UZJ662,Megha Medur Ghana Chheye,spotify:track:4qln9BCiTbkAtWK9UZJ662,0.989,0.523,0.275,1.54e-05,0.521,-16.835,0.178,113.042,0.474,0
81,Old Bengali Songs By K.C.Dey,5,5rnvpVC8LT0jPKKMDAvywJ,Lakkhi Hara Kadechhe Kara - Sharmistha,spotify:track:5rnvpVC8LT0jPKKMDAvywJ,0.988,0.386,0.258,1.63e-06,0.257,-14.449,0.0345,84.073,0.374,0
82,Old Bengali Songs By K.C.Dey,6,3EhBxzS65V0UzVNUuSn8K5,Amar Ei Gaaner Bani - Sharmistha,spotify:track:3EhBxzS65V0UzVNUuSn8K5,0.989,0.382,0.188,1.41e-06,0.674,-15.283,0.036,103.564,0.45,0
83,Old Bengali Songs By K.C.Dey,7,5jLIOlYgVOub831oBeuPsv,"Natun Kare Jal Ase Re,Pt. 1",spotify:track:5jLIOlYgVOub831oBeuPsv,0.993,0.519,0.2,0.0899,0.137,-15.242,0.0697,66.938,0.543,0
